comparison_type,model_or_contrast,metric,mean,std,ci_lower_95,ci_upper_95,p_value_two_sided
single_model,frozen_legacy,auroc,0.8021520982965508,0.01913485102581493,0.7624745852118471,0.8360914321972684,
single_model,frozen_legacy,auprc,0.7226165764922029,0.034277585232767784,0.6487180982682859,0.7819799930402936,
single_model,frozen_legacy,f1,0.6433281750731693,0.034406286341324865,0.572870587637337,0.7056776658013956,
single_model,frozen_legacy,precision,0.5799650181419994,0.039331867425723435,0.5052717418740366,0.6568309708967991,
single_model,frozen_legacy,recall,0.7272997775882156,0.06208934392760363,0.5909206290665028,0.832595969348456,
single_model,frozen_strict,auroc,0.7634473709053464,0.023439080721872577,0.7140423071490026,0.8052603473474509,
single_model,frozen_strict,auprc,0.593756855971648,0.045253385789925535,0.4973434377994456,0.6719691389707682,
single_model,frozen_strict,f1,0.5771884910898156,0.04152560451291046,0.48987520924537703,0.6510419982386895,
single_model,frozen_strict,precision,0.51022551643265,0.04016411185710804,0.43243812678414195,0.5894474597365603,
single_model,frozen_strict,recall,0.6708098503519584,0.0753621197243558,0.5039456501425035,0.7985984992938318,
single_model,retrained_v0,auroc,0.7630604342466147,0.023137738378252438,0.7150070488298302,0.8039011353299865,
single_model,retrained_v0,auprc,0.5944251036897866,0.043639444114748537,0.5003657275500404,0.6694116331702472,
single_model,retrained_v0,f1,0.5704842023833473,0.04367448753129283,0.4766621468403959,0.6483454052190303,
single_model,retrained_v0,precision,0.5062202407314964,0.04006791267008061,0.42645578154140834,0.5842573487842395,
single_model,retrained_v0,recall,0.6599950409773244,0.07921890915472234,0.48617123525956557,0.7968003485591341,
paired_difference,Legacy_Frozen - Strict_Frozen,auroc,0.03870472739120426,0.004408709212264161,0.030754215541017312,0.04783121181692006,0.0
paired_difference,Legacy_Frozen - Strict_Frozen,auprc,0.12885972052055497,0.01220798419003112,0.10870135675239284,0.1568926983955343,0.0
paired_difference,Legacy_Frozen - Strict_Frozen,f1,0.06613968398335363,0.008668156669247314,0.05334672897771698,0.08681395368385739,0.0
paired_difference,Legacy_Frozen - Strict_Frozen,precision,0.06973950170934931,0.007348646455709146,0.05938224309946702,0.08774022856652396,0.0
paired_difference,Legacy_Frozen - Strict_Frozen,recall,0.05648992723625722,0.013316653997074246,0.03418511105980327,0.08592631928685626,0.0
paired_difference,Strict_Frozen - Strict_Retrained_V0,auroc,0.0003869366587319041,0.0025604182747034016,-0.004545005042300637,0.0054730048576231895,0.904
paired_difference,Strict_Frozen - Strict_Retrained_V0,auprc,-0.0006682477181386013,0.0042968172969808285,-0.008894994671360647,0.008138941612646132,0.879
paired_difference,Strict_Frozen - Strict_Retrained_V0,f1,0.00670428870646834,0.007012769039061492,-0.005584766843878752,0.022183843435578863,0.347
paired_difference,Strict_Frozen - Strict_Retrained_V0,precision,0.00400527570115366,0.00720528418540441,-0.010679130349779537,0.018250441036067194,0.566
paired_difference,Strict_Frozen - Strict_Retrained_V0,recall,0.010814809374633994,0.009131559207028999,-0.005285277903224484,0.030221195052966734,0.226
