flight,raw_active_frames,legacy_replay_frames,corrected_replay_frames,offline_test_frames,tail_frames_discarded,max_prob_diff_vs_offline
sweep_A_B_R3,745,740,735,735,5,2.384185791015625e-07
sweep_A_C_R1,759,754,749,749,5,3.5762786865234375e-07
sweep_A_H_R2,753,748,743,743,5,3.5762786865234375e-07
sweep_A_S_R3,756,751,746,746,5,2.980232238769531e-07
sweep_E_B_R3,750,745,740,740,5,2.086162567138672e-07
sweep_E_C_R1,738,733,728,728,5,4.172325134277344e-07
sweep_E_H_R3,750,745,740,740,5,3.5762786865234375e-07
sweep_E_S_R2,737,732,727,727,5,1.7881393432617188e-07
sweep_G_B_R2,751,746,741,741,5,2.682209014892578e-07
sweep_G_C_R1,745,740,735,735,5,3.5762786865234375e-07
sweep_G_S_R2,826,821,816,816,5,3.5762786865234375e-07
sweep_M_B_R3,750,745,740,740,5,2.980232238769531e-07
sweep_M_C_R1,749,744,739,739,5,2.980232238769531e-07
sweep_M_S_R2,742,737,732,732,5,2.384185791015625e-07
