flight,split,family,raw_frames,active_frames,failure_frames,failure_rate_pct,episodes,single_frame_episodes,single_pct,max_episode_len
sweep_A_B_R1,train,A_B,1213,736,63,8.56,63,63,100.0,1
sweep_A_B_R2,val,A_B,1221,727,62,8.53,61,60,98.36,2
sweep_A_B_R3,test,A_B,1224,745,57,7.65,56,55,98.21,2
sweep_A_C_R1,test,A_C,1218,759,76,10.01,76,76,100.0,1
sweep_A_C_R2,train,A_C,1216,724,59,8.15,59,59,100.0,1
sweep_A_C_R3,val,A_C,1213,747,71,9.5,70,69,98.57,2
sweep_A_H_R1,train,A_H,1212,752,36,4.79,36,36,100.0,1
sweep_A_H_R2,test,A_H,1219,753,32,4.25,32,32,100.0,1
sweep_A_H_R3,val,A_H,1223,766,41,5.35,41,41,100.0,1
sweep_A_S_R1,val,A_S,1215,754,35,4.64,35,35,100.0,1
sweep_A_S_R2,train,A_S,1222,752,33,4.39,33,33,100.0,1
sweep_A_S_R3,test,A_S,1218,756,31,4.1,31,31,100.0,1
sweep_E_B_R1,val,E_B,1213,763,65,8.52,65,65,100.0,1
sweep_E_B_R2,train,E_B,1217,759,66,8.7,66,66,100.0,1
sweep_E_B_R3,test,E_B,1217,750,59,7.87,59,59,100.0,1
sweep_E_C_R1,test,E_C,1214,738,96,13.01,95,94,98.95,2
sweep_E_C_R2,train,E_C,1223,755,97,12.85,97,97,100.0,1
sweep_E_C_R3,val,E_C,1216,729,85,11.66,85,85,100.0,1
sweep_E_H_R1,train,E_H,1213,746,59,7.91,59,59,100.0,1
sweep_E_H_R2,val,E_H,1224,764,65,8.51,65,65,100.0,1
sweep_E_H_R3,test,E_H,1217,750,62,8.27,62,62,100.0,1
sweep_E_S_R1,val,E_S,1213,755,83,10.99,83,83,100.0,1
sweep_E_S_R2,test,E_S,1211,737,79,10.72,79,79,100.0,1
sweep_E_S_R3,train,E_S,1217,758,81,10.69,81,81,100.0,1
sweep_G_B_R2,test,G_B,1215,751,17,2.26,17,17,100.0,1
sweep_G_B_R3,train,G_B,1209,772,19,2.46,19,19,100.0,1
sweep_G_C_R1,test,G_C,1210,745,22,2.95,21,20,95.24,2
sweep_G_C_R2,train,G_C,1221,766,22,2.87,22,22,100.0,1
sweep_G_C_R3,val,G_C,1181,803,21,2.62,20,19,95.0,2
sweep_G_S_R1,val,G_S,1215,722,14,1.94,14,14,100.0,1
sweep_G_S_R2,test,G_S,1210,826,25,3.03,23,22,95.65,3
sweep_G_S_R3,train,G_S,1214,804,19,2.36,19,19,100.0,1
sweep_M_B_R1,val,M_B,1218,714,33,4.62,33,33,100.0,1
sweep_M_B_R2,train,M_B,1216,757,36,4.76,36,36,100.0,1
sweep_M_B_R3,test,M_B,1215,750,41,5.47,41,41,100.0,1
sweep_M_C_R1,test,M_C,1220,749,35,4.67,34,33,97.06,2
sweep_M_C_R2,train,M_C,1208,755,35,4.64,35,35,100.0,1
sweep_M_C_R3,val,M_C,1217,744,33,4.44,33,33,100.0,1
sweep_M_H_R1,train,M_H,1215,749,21,2.8,21,21,100.0,1
sweep_M_S_R1,val,M_S,1214,748,30,4.01,30,30,100.0,1
sweep_M_S_R2,test,M_S,1218,742,32,4.31,32,32,100.0,1
sweep_M_S_R3,train,M_S,1216,743,30,4.04,30,30,100.0,1
