model,window_w,window_s,threshold,duty_cycle_pct,alarm_rising_edges_per_min,false_alarm_rising_edges_per_min,rising_edge_early_pct,rising_edge_post_pct,rising_edge_missed_pct,rising_edge_mean_lead_s,rising_edge_median_lead_s,rising_edge_p25_lead_s,rising_edge_p75_lead_s,rising_edge_max_lead_s,any_active_early_pct,any_active_post_pct,any_active_missed_pct,any_active_mean_lead_s,any_active_median_lead_s,any_active_p25_lead_s,any_active_p75_lead_s,any_active_max_lead_s
Frozen_MLP,5,0.1667,0.5,43.44051140158382,123.99580192729702,58.90659288235855,29.82998454404946,70.01545595054097,0.1545595054095827,0.11450777202072537,0.13333333333333333,0.06666666666666667,0.16666666666666666,0.16666666666666666,80.68006182380216,19.165378670788254,0.1545595054095827,0.15485312899106005,0.16666666666666666,0.16666666666666666,0.16666666666666666,0.16666666666666666
Frozen_MLP,10,0.3333,0.5,43.44051140158382,123.99580192729702,34.691346245587255,49.1499227202473,50.695517774343124,0.1545595054095827,0.22169811320754718,0.23333333333333334,0.16666666666666666,0.3,0.3333333333333333,84.38948995363215,15.455950540958268,0.1545595054095827,0.3062271062271062,0.3333333333333333,0.3,0.3333333333333333,0.3333333333333333
Frozen_MLP,15,0.5,0.5,43.44051140158382,123.99580192729702,21.29567789333079,62.287480680061826,37.557959814528594,0.1545595054095827,0.33614557485525226,0.36666666666666664,0.23333333333333334,0.4666666666666667,0.5,87.78979907264298,12.055641421947449,0.1545595054095827,0.45686619718309857,0.5,0.4666666666666667,0.5,0.5
Frozen_MLP,30,1.0,0.5,43.44051140158382,123.99580192729702,6.010876824730465,81.45285935085008,18.39258114374034,0.1545595054095827,0.6998734977862113,0.7666666666666667,0.5333333333333333,0.9,1.0,93.50850077279753,6.3369397217928904,0.1545595054095827,0.8929476584022039,1.0,0.9,1.0,1.0
Retrained_V0,5,0.1667,0.54,41.160194637916234,107.16534681805172,67.49355977483064,28.748068006182383,47.14064914992272,24.111282843894898,0.1164874551971326,0.13333333333333333,0.06666666666666667,0.16666666666666666,0.16666666666666666,80.52550231839258,0.7727975270479135,18.701700154559507,0.154766474728087,0.16666666666666666,0.16666666666666666,0.16666666666666666,0.16666666666666666
Retrained_V0,10,0.3333,0.54,41.160194637916234,107.16534681805172,42.07613777311325,47.14064914992272,31.839258114374037,21.020092735703248,0.22426229508196724,0.23333333333333334,0.16666666666666666,0.3,0.3333333333333333,82.22565687789799,0.3091190108191654,17.465224111282843,0.3059523809523809,0.3333333333333333,0.3333333333333333,0.3333333333333333,0.3333333333333333
Retrained_V0,15,0.5,0.54,41.160194637916234,107.16534681805172,25.93264001526572,59.35085007727975,21.638330757341574,19.01081916537867,0.33689236111111115,0.36666666666666664,0.23333333333333334,0.43333333333333335,0.5,83.15301391035548,0.3091190108191654,16.537867078825347,0.45898389095415115,0.5,0.4666666666666667,0.5,0.5
Retrained_V0,30,1.0,0.54,41.160194637916234,107.16534681805172,7.728270203224883,77.89799072642968,6.9551777434312205,15.146831530139105,0.6968915343915344,0.7666666666666667,0.5333333333333333,0.9333333333333333,1.0,85.93508500772798,0.3091190108191654,13.75579598145286,0.8993405275779376,1.0,0.9333333333333333,1.0,1.0
HistGradientBoosting,5,0.1667,0.34,40.034347867569885,122.10666921095316,67.83703845052953,39.41267387944359,42.65842349304482,17.928902627511594,0.11542483660130719,0.13333333333333333,0.1,0.13333333333333333,0.16666666666666666,83.15301391035548,2.3183925811437405,14.528593508500773,0.15185873605947953,0.16666666666666666,0.13333333333333333,0.16666666666666666,0.16666666666666666
HistGradientBoosting,10,0.3333,0.34,40.034347867569885,122.10666921095316,35.7217822726839,65.2241112828439,22.256568778979908,12.5193199381762,0.21556082148499212,0.23333333333333334,0.13333333333333333,0.3,0.3333333333333333,87.78979907264298,1.2364760432766615,10.973724884080372,0.29794600938967136,0.3333333333333333,0.3,0.3333333333333333,0.3333333333333333
HistGradientBoosting,15,0.5,0.34,40.034347867569885,122.10666921095316,20.43698120408358,76.66151468315302,12.210200927357032,11.128284389489954,0.33084677419354835,0.36666666666666664,0.23333333333333334,0.43333333333333335,0.5,88.71715610510046,0.9273570324574961,10.35548686244204,0.4433217189314751,0.5,0.43333333333333335,0.5,0.5
HistGradientBoosting,30,1.0,0.34,40.034347867569885,122.10666921095316,6.697834176128232,89.64451313755795,2.009273570324575,8.346213292117465,0.71,0.8,0.5333333333333333,0.9333333333333333,1.0,91.03554868624421,0.7727975270479135,8.191653786707882,0.8796264855687607,1.0,0.9,1.0,1.0
Logistic_Regression,5,0.1667,0.27,47.83894666539452,45.85440320580098,33.660910218490606,10.973724884080372,54.404945904173104,34.62132921174652,0.10375586854460093,0.1,0.06666666666666667,0.13333333333333333,0.16666666666666666,73.41576506955178,0.0,26.584234930448225,0.16035087719298247,0.16666666666666666,0.16666666666666666,0.16666666666666666,0.16666666666666666
Logistic_Regression,10,0.3333,0.27,47.83894666539452,45.85440320580098,22.841331933975766,20.401854714064914,49.45904173106646,30.139103554868623,0.20555555555555555,0.2,0.13333333333333333,0.3,0.3333333333333333,75.8887171561051,0.0,24.111282843894898,0.3164969450101833,0.3333333333333333,0.3333333333333333,0.3333333333333333,0.3333333333333333
Logistic_Regression,15,0.5,0.27,47.83894666539452,45.85440320580098,14.769583055052,27.35703245749614,44.822256568778975,27.820710973724882,0.32975517890772127,0.36666666666666664,0.23333333333333334,0.43333333333333335,0.5,76.8160741885626,0.0,23.183925811437405,0.4740442655935614,0.5,0.5,0.5,0.5
Logistic_Regression,30,1.0,0.27,47.83894666539452,45.85440320580098,5.667398149031581,36.78516228748068,39.56723338485317,23.64760432766615,0.7044817927170869,0.7666666666666667,0.5416666666666666,0.9333333333333333,1.0,78.516228748068,0.0,21.483771251931994,0.9322178477690288,1.0,1.0,1.0,1.0
Yaw_Rate_Threshold,5,0.1667,33.5,50.79667970613491,30.913080812899533,16.315237095696975,9.582689335394127,62.75115919629057,27.666151468315302,0.11451612903225807,0.13333333333333333,0.06666666666666667,0.15833333333333333,0.16666666666666666,73.87944358578052,0.7727975270479135,25.347758887171562,0.16304044630404463,0.16666666666666666,0.16666666666666666,0.16666666666666666,0.16666666666666666
Yaw_Rate_Threshold,10,0.3333,33.5,50.79667970613491,30.913080812899533,10.991317622364278,14.219474497681608,58.57805255023184,27.202472952086552,0.20326086956521738,0.2,0.13333333333333333,0.3,0.3333333333333333,75.57959814528593,0.6182380216383307,23.802163833075735,0.3222903885480572,0.3333333333333333,0.3333333333333333,0.3333333333333333,0.3333333333333333
Yaw_Rate_Threshold,15,0.5,33.5,50.79667970613491,30.913080812899533,7.213052189676557,18.238021638330757,54.71406491499228,27.04791344667697,0.297175141242938,0.3333333333333333,0.16666666666666666,0.42500000000000004,0.5,75.73415765069552,0.6182380216383307,23.64760432766615,0.4838095238095238,0.5,0.5,0.5,0.5
Yaw_Rate_Threshold,30,1.0,33.5,50.79667970613491,30.913080812899533,3.091308081289953,28.129829984544045,46.986089644513136,24.88408037094281,0.6333333333333334,0.6833333333333333,0.4,0.9,1.0,76.66151468315302,0.6182380216383307,22.720247295208658,0.9487231182795699,1.0,1.0,1.0,1.0
Frames_Since_Dropout,5,0.1667,0.05,72.23547371434023,23.700028623222977,0.17173933784944184,1.7001545595054095,98.145285935085,0.1545595054095827,0.08484848484848485,0.06666666666666667,0.06666666666666667,0.13333333333333333,0.13333333333333333,84.08037094281299,15.765069551777433,0.1545595054095827,0.16501225490196078,0.16666666666666666,0.16666666666666666,0.16666666666666666,0.16666666666666666
Frames_Since_Dropout,10,0.3333,0.05,72.23547371434023,23.700028623222977,0.0,4.7913446676970635,95.05409582689336,0.1545595054095827,0.2032258064516129,0.23333333333333334,0.13333333333333333,0.2833333333333333,0.3333333333333333,87.78979907264298,12.055641421947449,0.1545595054095827,0.32705399061032864,0.3333333333333333,0.3333333333333333,0.3333333333333333,0.3333333333333333
Frames_Since_Dropout,15,0.5,0.05,72.23547371434023,23.700028623222977,0.0,9.891808346213292,89.95363214837712,0.1545595054095827,0.3229166666666667,0.36666666666666664,0.23333333333333334,0.43333333333333335,0.5,90.1081916537867,9.73724884080371,0.1545595054095827,0.4837621497998856,0.5,0.5,0.5,0.5
Frames_Since_Dropout,30,1.0,0.05,72.23547371434023,23.700028623222977,0.0,24.111282843894898,75.73415765069552,0.1545595054095827,0.5852564102564103,0.6,0.4,0.8,1.0,94.5904173106646,5.255023183925812,0.1545595054095827,0.9308278867102396,1.0,1.0,1.0,1.0
