experiment,fold_group,n_flights_test,n_frames_test,base_rate,val_threshold,auroc,auprc,f1,precision,recall
Repeat-Held-Out (Standard),Test_14_Flights,14,9758,0.30241852838696454,0.55,0.7669322702221589,0.6002989566902726,0.5833853841349157,0.5409788589632204,0.6330057607590647
Leave-One-Cell-Out,A_B,3,1999,0.40520260130065033,0.53,0.6432431029291136,0.5522448378974161,0.3269406392694064,0.6280701754385964,0.22098765432098766
Leave-One-Cell-Out,A_C,3,1996,0.469438877755511,0.65,0.7207822768302994,0.7280267212753928,0.25693160813308685,0.9586206896551724,0.14834578441835647
Leave-One-Cell-Out,A_H,3,2134,0.23195876288659795,0.48000000000000004,0.6656719729324977,0.4641338880655367,0.3842616249361267,0.25718194254445964,0.7595959595959596
Leave-One-Cell-Out,A_S,3,2136,0.20739700374531836,0.5,0.737612983483978,0.5282536339142687,0.40454299621416984,0.26600284495021337,0.8442437923250564
Leave-One-Cell-Out,E_B,3,2054,0.4206426484907498,0.54,0.7063375350140055,0.6852245125929624,0.619277108433735,0.474169741697417,0.8923611111111112
Leave-One-Cell-Out,E_C,3,1917,0.6442357850808555,0.52,0.7157574174552104,0.815697427004459,0.7755258126195028,0.7347826086956522,0.8210526315789474
Leave-One-Cell-Out,E_H,3,2047,0.4313629702002931,0.44,0.7437576132600126,0.7167826877009168,0.6343449296817173,0.47113798790544253,0.970554926387316
Leave-One-Cell-Out,E_S,3,1979,0.5295603840323395,0.43,0.7155689113733077,0.751037555831746,0.7173274596182085,0.5829355608591885,0.9322519083969466
Leave-One-Cell-Out,G_B,2,1469,0.10483321987746766,0.41000000000000003,0.6719495333563775,0.39421478200281057,0.41237113402061853,0.43795620437956206,0.38961038961038963
Leave-One-Cell-Out,G_C,3,2225,0.1150561797752809,0.51,0.7470380745302185,0.3562953839705277,0.2535211267605634,0.45454545454545453,0.17578125
Leave-One-Cell-Out,G_S,3,2265,0.10463576158940398,0.52,0.676925989730274,0.2995052453037963,0.32707774798927614,0.4485294117647059,0.25738396624472576
Leave-One-Cell-Out,M_B,3,2085,0.24172661870503598,0.53,0.6585368914590927,0.39545718889760517,0.2246153846153846,0.5,0.14484126984126985
Leave-One-Cell-Out,M_C,3,2117,0.22342938119981107,0.55,0.7079096001604913,0.48232389913442075,0.2975206611570248,0.6818181818181818,0.19027484143763213
Leave-One-Cell-Out,M_H,1,720,0.13472222222222222,0.5700000000000001,0.7169002664195527,0.32639974423358525,0.3867924528301887,0.3565217391304348,0.422680412371134
Leave-One-Cell-Out,M_S,3,2115,0.2033096926713948,0.54,0.6414698778552205,0.3637749024946776,0.29654036243822074,0.5084745762711864,0.20930232558139536
Leave-One-Yaw-Rate-Out,A,12,8265,0.3248638838475499,0.53,0.6345769341155897,0.4919696117942791,0.47719096272845013,0.3888367729831144,0.6175046554934823
Leave-One-Yaw-Rate-Out,E,12,7997,0.5039389771164187,0.61,0.6946905331265821,0.6840242696789167,0.6982488106083612,0.589673448452727,0.8558312655086848
Leave-One-Yaw-Rate-Out,G,8,5959,0.10857526430609163,0.41000000000000003,0.6623736057056665,0.29485574836439316,0.24113475177304963,0.14767199444058374,0.6568778979907264
Leave-One-Yaw-Rate-Out,M,10,7037,0.21372744067074037,0.53,0.5949113106659847,0.34008813665596954,0.2688588007736944,0.4929078014184397,0.1848404255319149
Leave-One-Geometry-Out,B,11,7607,0.30655974760089394,0.52,0.7342457707721948,0.5596535440794048,0.48504837291116976,0.49774368231046934,0.4729845626072041
Leave-One-Geometry-Out,C,12,8255,0.35142337976983645,0.54,0.8108634303191987,0.7021637455101927,0.5881625077335533,0.7320328542094456,0.49155463633229923
Leave-One-Geometry-Out,H,7,4901,0.3009589879616405,0.46,0.7591178129359731,0.5820058490702908,0.5072802444724069,0.34515655577299414,0.9566101694915254
Leave-One-Geometry-Out,S,12,8495,0.25403178340200117,0.47000000000000003,0.7709141393142032,0.598504664678931,0.5290912286869397,0.42622486547720195,0.6974050046339203
