target_duty_cycle,model,window_w,calibrated_th,actual_duty_cycle_pct,alarm_rising_edges_per_min,false_alarm_rising_edges_per_min,rising_edge_early_pct,rising_edge_post_pct,rising_edge_missed_pct,rising_edge_mean_lead_s,rising_edge_median_lead_s,any_active_early_pct,any_active_post_pct,any_active_missed_pct,any_active_mean_lead_s,any_active_median_lead_s
30%,Frozen_MLP,15,0.6222212910652161,30.006678752027476,129.14798206278027,8.758706230321534,77.27975270479135,20.09273570324575,2.627511591962906,0.3494666666666667,0.36666666666666664,81.2982998454405,16.0741885625966,2.627511591962906,0.43548795944233215,0.5
30%,Retrained_V0,15,0.6371455788612366,30.006678752027476,75.22182997805552,7.728270203224883,62.90571870170015,6.0278207109737245,31.066460587326123,0.3150696150696151,0.3333333333333333,72.17928902627511,0.46367851622874806,27.35703245749614,0.4305496074232691,0.5
30%,HistGradientBoosting,15,0.4224926315566483,30.006678752027476,118.156664440416,11.334796298063162,79.13446676970634,4.482225656877898,16.383307573415763,0.3358723958333334,0.36666666666666664,83.46213292117464,0.46367851622874806,16.0741885625966,0.42419753086419754,0.5
30%,Logistic_Regression,15,0.35573586123684403,30.006678752027476,67.83703845052953,8.758706230321534,56.568778979907265,8.964451313755797,34.46676970633694,0.31393442622950823,0.3333333333333333,68.46986089644514,0.0,31.530139103554866,0.4328066215199398,0.5
30%,Yaw_Rate_Threshold,15,51.99889999999999,30.006678752027476,60.45224692300353,12.193492987310371,34.93044822256569,34.31221020092735,30.757341576506953,0.31946902654867265,0.35,69.86089644513137,1.545595054095827,28.593508500772796,0.44417404129793514,0.5
30%,Frames_Since_Dropout,15,0.16666666666666666,34.53868905638775,85.3544509111726,0.0,60.278207109737245,39.56723338485317,0.1545595054095827,0.34444444444444444,0.36666666666666664,79.90726429675425,19.938176197836167,0.1545595054095827,0.44068343004513216,0.5
40%,Frozen_MLP,15,0.5262496471405029,40.005724644594984,124.3392806029959,16.486976433546417,70.32457496136011,29.520865533230296,0.1545595054095827,0.3314285714285714,0.36666666666666664,87.32612055641422,12.5193199381762,0.1545595054095827,0.4486725663716814,0.5
40%,Retrained_V0,15,0.5474182367324829,40.005724644594984,101.66968800686958,23.528289285373535,59.8145285935085,20.71097372488408,19.47449768160742,0.33264427217915593,0.36666666666666664,82.84389489953632,0.46367851622874806,16.69242658423493,0.4557213930348259,0.5
40%,HistGradientBoosting,15,0.34032797430244716,40.005724644594984,122.10666921095316,20.43698120408358,76.66151468315302,12.210200927357032,11.128284389489954,0.33084677419354835,0.36666666666666664,88.71715610510046,0.9273570324574961,10.35548686244204,0.4433217189314751,0.5
40%,Logistic_Regression,15,0.30347794182912263,40.005724644594984,59.078332220208,14.254365041503673,40.34003091190108,31.066460587326123,28.593508500772796,0.31507024265644956,0.3333333333333333,75.42503863987635,0.0,24.57496136012365,0.45594262295081966,0.5
40%,Yaw_Rate_Threshold,15,44.8912,40.005724644594984,133.26972617116687,32.11525617784562,36.01236476043277,36.93972179289026,27.04791344667697,0.3791130185979972,0.43333333333333335,74.49768160741885,0.46367851622874806,25.0386398763524,0.47524204702627937,0.5
40%,Frames_Since_Dropout,15,0.125,43.59316859078332,70.5848678561206,0.0,48.84080370942813,51.00463678516228,0.1545595054095827,0.3366033755274262,0.35,82.07109737248841,17.77434312210201,0.1545595054095827,0.45630885122410547,0.5
