target_duty_cycle,model,calibrated_threshold,actual_alarm_duty,recall,precision,f1
20%,MLP_V0,0.735,0.2,0.41,0.6199,0.4936
20%,Frozen_MLP,0.686,0.2,0.4056,0.6132,0.4883
20%,HistGradientBoosting,0.5139,0.2,0.4124,0.6235,0.4964
20%,LogisticRegression,0.4897,0.2,0.3785,0.5722,0.4556
20%,Yaw_Rate_Threshold,80.9596,0.2,0.3504,0.5297,0.4218
20%,Frames_Since_Dropout,0.0026,0.2001,0.1616,0.2442,0.1945
20%,Random_Matched,0.7952,0.2,0.1945,0.2941,0.2341
30%,MLP_V0,0.6335,0.3001,0.5605,0.5649,0.5627
30%,Frozen_MLP,0.58,0.3001,0.5608,0.5652,0.563
30%,HistGradientBoosting,0.4092,0.3001,0.5591,0.5635,0.5613
30%,LogisticRegression,0.3504,0.3001,0.5374,0.5417,0.5395
30%,Yaw_Rate_Threshold,50.2183,0.3001,0.4941,0.498,0.496
30%,Frames_Since_Dropout,0.0017,0.3001,0.245,0.2469,0.246
30%,Random_Matched,0.6891,0.3001,0.2836,0.2859,0.2847
40%,MLP_V0,0.5384,0.4,0.6703,0.5068,0.5772
40%,Frozen_MLP,0.5008,0.4,0.6784,0.5129,0.5842
40%,HistGradientBoosting,0.3206,0.4001,0.6865,0.519,0.5911
40%,LogisticRegression,0.3017,0.4,0.632,0.4778,0.5442
40%,Yaw_Rate_Threshold,44.5918,0.4,0.5998,0.4535,0.5165
40%,Frames_Since_Dropout,0.0013,0.4,0.3185,0.2408,0.2743
40%,Random_Matched,0.5893,0.4,0.3805,0.2877,0.3277
44%,MLP_V0,0.5185,0.44,0.7089,0.4872,0.5775
44%,Frozen_MLP,0.4708,0.44,0.7133,0.4902,0.5811
44%,HistGradientBoosting,0.2896,0.44,0.7326,0.5035,0.5968
44%,LogisticRegression,0.2846,0.44,0.6676,0.4588,0.5438
44%,Yaw_Rate_Threshold,41.7372,0.44,0.6486,0.4457,0.5284
44%,Frames_Since_Dropout,0.0012,0.4405,0.3517,0.2415,0.2864
44%,Random_Matched,0.5489,0.44,0.4202,0.2888,0.3423
