variant,features_count,threshold_type,threshold,auroc,auprc,f1,precision,recall,accuracy,alarm_rate,base_rate,total,tp,fp,fn,tn
V0_all_15,15,val_tuned (0.54),0.54,0.7665120826394302,0.5982497832376121,0.5775369746668619,0.5085095410005157,0.6682480515079634,0.7043451526952245,0.39741750358680056,0.3024185299873352,9758,1972,1906,979,4901
V0_all_15,15,fixed (0.50),0.5,0.7665120826394302,0.5982497832376121,0.5757615374558765,0.46871008939974457,0.7461877329718739,0.6674523467923755,0.48145111703217874,0.3024185299873352,9758,2202,2496,749,4311
V1_drop_flow_lag0,14,val_tuned (0.56),0.56,0.766891523401892,0.6002372738381139,0.5808788785635534,0.5426721600941731,0.6248729244323958,0.7273006763681082,0.3482270957163353,0.3024185299873352,9758,1844,1554,1107,5253
V1_drop_flow_lag0,14,fixed (0.50),0.5,0.766891523401892,0.6002372738381139,0.5769934640522876,0.46967439880825707,0.7478820738732633,0.6683746669399467,0.48155359704857553,0.3024185299873352,9758,2207,2492,744,4315
V2_drop_all_flow,10,val_tuned (0.44),0.44000000000000006,0.7199015534918133,0.4910719246547492,0.5517322927752158,0.423719578641482,0.7905794645882752,0.6114982578397212,0.5642549702807953,0.3024185299873352,9758,2333,3173,618,3634
V2_drop_all_flow,10,fixed (0.50),0.5,0.7199015534918133,0.4910719246547492,0.544514501891551,0.4336212090781281,0.7316164012199254,0.629842180774749,0.5102480016396803,0.3024185299873352,9758,2159,2820,792,3987
V3_yaw_lags_only,5,val_tuned (0.43),0.43000000000000005,0.7266751585330088,0.4959120057666573,0.5603188020770439,0.4352720450281426,0.7861741782446628,0.6268702602992416,0.5462184873949579,0.3024185299873352,9758,2320,3010,631,3797
V3_yaw_lags_only,5,fixed (0.50),0.5,0.7266751585330088,0.4959120057666573,0.5478797030325909,0.4357485988791033,0.7377160284649271,0.6317893010862882,0.511990161918426,0.3024185299873352,9758,2177,2819,774,3988
V4_flow_lags_only,5,val_tuned (0.48),0.48,0.7518974900605886,0.5679746703556748,0.5720651719816181,0.48557919621749407,0.6960352422907489,0.6850789096126255,0.4334904693584751,0.3024185299873352,9758,2054,2176,897,4631
V4_flow_lags_only,5,fixed (0.50),0.5,0.7518974900605886,0.5679746703556748,0.5699420246766761,0.5076800847457628,0.6496103015926804,0.70352531256405,0.3869645419143267,0.3024185299873352,9758,1917,1859,1034,4948
