family,run_dir,n_active_frames,n_failure_frames,failure_rate_pct,gt_discontinuity_flag
G_C,sweep_G_C_R1,745,22,2.95,False
G_C,sweep_G_C_R2,766,22,2.87,False
G_C,sweep_G_C_R3,803,21,2.62,False
G_B,sweep_G_B_R2,751,17,2.26,False
G_B,sweep_G_B_R3,772,19,2.46,False
G_S,sweep_G_S_R1,722,14,1.94,False
G_S,sweep_G_S_R2,826,25,3.03,False
G_S,sweep_G_S_R3,804,19,2.36,False
M_C,sweep_M_C_R1,749,35,4.67,False
M_C,sweep_M_C_R2,755,35,4.64,False
M_C,sweep_M_C_R3,744,33,4.44,False
M_B,sweep_M_B_R1,714,33,4.62,False
M_B,sweep_M_B_R2,757,36,4.76,False
M_B,sweep_M_B_R3,750,41,5.47,False
M_S,sweep_M_S_R1,748,30,4.01,False
M_S,sweep_M_S_R2,742,32,4.31,False
M_S,sweep_M_S_R3,743,30,4.04,False
M_H,sweep_M_H_R1,749,21,2.8,False
A_C,sweep_A_C_R1,759,76,10.01,False
A_C,sweep_A_C_R2,724,59,8.15,False
A_C,sweep_A_C_R3,747,71,9.5,False
A_B,sweep_A_B_R1,736,63,8.56,False
A_B,sweep_A_B_R2,727,62,8.53,False
A_B,sweep_A_B_R3,745,57,7.65,False
A_S,sweep_A_S_R1,754,35,4.64,False
A_S,sweep_A_S_R2,752,33,4.39,False
A_S,sweep_A_S_R3,756,31,4.1,False
A_H,sweep_A_H_R1,752,36,4.79,False
A_H,sweep_A_H_R2,753,32,4.25,False
A_H,sweep_A_H_R3,766,41,5.35,False
E_C,sweep_E_C_R1,738,96,13.01,False
E_C,sweep_E_C_R2,755,97,12.85,False
E_C,sweep_E_C_R3,729,85,11.66,False
E_B,sweep_E_B_R1,763,65,8.52,False
E_B,sweep_E_B_R2,759,66,8.7,False
E_B,sweep_E_B_R3,750,59,7.87,False
E_S,sweep_E_S_R1,755,83,10.99,False
E_S,sweep_E_S_R2,737,79,10.72,False
E_S,sweep_E_S_R3,758,81,10.69,False
E_H,sweep_E_H_R1,746,59,7.91,False
E_H,sweep_E_H_R2,764,65,8.51,False
E_H,sweep_E_H_R3,750,62,8.27,False
