family,run_dir,n_active_frames,n_failure_frames,failure_rate_pct,gt_discontinuity_flag,split
F1,p3_F1_L2_R1,690,129,18.7,False,train
F1,p3_F1_L2_R2,688,121,17.59,False,val
F1,p3_F1_L2_R3,674,134,19.88,False,test
F2,p3_F2_L2_R1,686,21,3.06,False,val
F2,p3_F2_L2_R2,664,25,3.77,False,train
F2,p3_F2_L2_R3,617,20,3.24,False,test
F4,p3_F4_L2_R1,689,65,9.43,False,test
F4,p3_F4_L2_R2,633,55,8.69,False,train
F4,p3_F4_L2_R3,551,46,8.35,False,val
F5,phase2a_F5_L2_R1,704,66,9.38,False,train
F5,phase2a_F5_L2_R2,715,65,9.09,False,val
F5,phase2a_F5_L2_R3,716,71,9.92,False,test
F6,p3_F6_L2_R1,674,55,8.16,True,val
F6,p3_F6_L2_R2,650,56,8.62,False,test
F6,p3_F6_L2_R3,629,60,9.54,True,train
F9,phase2a_F9_L2_R1,697,45,6.46,False,val
F9,phase2a_F9_L2_R2,712,44,6.18,False,train
F9,phase2a_F9_L2_R3,704,58,8.24,False,test
F10,p3_F10_L3_R1,702,36,5.13,False,test
F10,p3_F10_L3_R2,692,45,6.5,True,train
F10,p3_F10_L3_R3,656,38,5.79,False,val
F11,p3_F11_L2_R1,614,21,3.42,False,train
F11,p3_F11_L2_R2,601,13,2.16,False,test
F11,p3_F11_L2_R3,614,21,3.42,False,val
F3,p3x_F3_L2_R1,574,84,14.63,False,val
F3,p3x_F3_L2_R2,575,77,13.39,False,train
F3,p3x_F3_L2_R3,584,85,14.55,False,test
F7,p3x_F7_L2_R1,715,71,9.93,False,test
F7,p3x_F7_L2_R2,704,62,8.81,False,train
F7,p3x_F7_L2_R3,700,72,10.29,False,val
F8,p3x_F8_L2_R1,710,63,8.87,False,val
F8,p3x_F8_L2_R2,706,58,8.22,False,test
F8,p3x_F8_L2_R3,708,71,10.03,False,train
