arrival_timestamp_s,telemetry_timestamp_s,has_prediction,predicted_prob,predicted_label,feat_lat_us,scale_lat_us,mlp_lat_us,e2e_lat_us,eis_yaw_rate_deg,feature_vel_mean,is_r_frame
39624.819093,17.920000,0,,-1,0.00,0.00,0.00,5.10,0.0489,1.2922,0
39624.820997,17.953000,0,,-1,0.00,0.00,0.00,3.21,0.0487,1.2589,0
39624.823040,17.986000,0,,-1,0.00,0.00,0.00,1.27,0.0559,1.2013,0
39624.826175,18.019000,0,,-1,0.00,0.00,0.00,1.28,0.0459,1.1630,0
39624.829679,18.052000,0,,-1,0.00,0.00,0.00,1.14,0.0591,1.1310,0
39624.830204,18.085000,1,0.547628,1,14.39,13237.62,497.53,13751.39,0.0573,1.0857,0
39624.851609,18.118000,1,0.554098,1,21.05,353.15,459.45,838.25,0.0518,1.0447,0
39624.852864,18.151000,1,0.519628,1,10.47,162.94,211.90,386.58,0.0591,1.2445,0
39624.853521,18.184000,1,0.539356,1,11.73,126.54,448.01,587.62,0.0536,1.1527,0
39624.854366,18.217000,1,0.719849,1,7.04,104.45,149.97,262.91,0.0425,0.0000,0
39624.854909,18.250000,1,0.581913,1,5.80,98.36,116.59,221.83,0.0645,0.7224,0
39624.855412,18.283000,1,0.598713,1,5.80,89.05,155.33,251.28,0.0513,0.7220,0
39624.855937,18.316000,1,0.602020,1,5.65,100.86,246.79,354.37,0.0436,0.7348,0
39624.856570,18.349000,1,0.610373,1,5.72,100.20,173.54,280.58,0.0549,0.6751,0
39624.857140,18.382000,1,0.608244,1,5.50,95.79,111.52,213.90,0.0497,0.7301,0
39624.858644,18.415000,1,0.663403,1,5.66,97.31,162.12,266.22,0.0517,0.3563,0
39624.860801,18.448000,1,0.669301,1,6.13,96.77,153.12,257.05,0.0335,0.2631,0
39624.863161,18.481000,1,0.663529,1,9.57,86.66,161.54,258.76,0.0636,0.2847,0
39624.865382,18.514000,1,0.707519,1,5.19,85.64,155.08,246.90,0.0480,0.0000,0
39624.867475,18.547000,1,0.612589,1,5.08,87.85,162.03,256.00,0.0571,0.5754,0
39624.869921,18.580000,1,0.589104,1,13.07,193.70,309.96,518.67,0.0389,0.8189,0
39624.872263,18.613000,1,0.601590,1,6.73,109.92,169.37,287.43,0.0606,0.7961,0
39624.874233,18.646000,1,0.617685,1,5.83,102.79,178.53,298.42,0.0449,0.6800,0
39624.876496,18.679000,1,0.717898,1,5.46,91.00,161.41,259.02,0.2064,0.0000,0
39624.879094,18.712000,1,0.385986,0,5.56,88.20,157.02,251.80,2.2671,2.1645,0
39624.880755,18.745000,1,0.325893,0,5.37,85.12,156.18,247.67,5.5404,3.1916,0
39624.883154,18.778000,1,0.213829,0,5.09,90.57,162.86,259.52,11.6988,5.9383,0
39624.885652,18.811000,1,0.980388,1,9.02,149.55,236.06,396.57,29.8095,0.0000,1
39624.890331,18.844000,1,0.701342,1,11.24,146.32,224.51,383.43,35.0750,15.3315,1
39624.892668,18.877000,1,0.810482,1,7.46,114.02,171.09,293.77,42.6597,17.1753,1
39624.894429,18.910000,1,0.998005,1,6.16,100.01,168.62,275.81,48.5242,0.0000,1
39624.896626,18.943000,1,0.546745,1,6.80,101.63,159.99,269.46,66.2700,27.8058,1
39624.899010,18.976000,1,0.884678,1,5.53,94.78,238.96,340.52,80.8147,32.4594,1
39625.001931,19.009000,1,0.936374,1,33.23,486.91,972.66,1496.84,83.2224,38.6692,1
39625.069374,19.042000,1,0.906277,1,36.77,385.77,732.85,1159.53,91.8771,41.4405,1
39625.106168,19.075000,1,0.999992,1,24.83,323.35,885.00,1235.91,99.4399,0.0000,1
39625.119503,19.108000,1,0.418281,0,18.27,266.73,637.51,925.39,102.2596,41.6538,1
39625.121040,19.141000,1,0.631747,1,12.54,209.43,481.04,705.24,114.1474,44.4801,1
39625.148297,19.174000,1,0.746457,1,25.95,339.63,930.67,1299.92,111.2366,40.5297,1
39625.150301,19.207000,1,0.813842,1,12.32,340.84,327.98,684.68,100.3463,41.3225,1
39625.155436,19.240000,1,0.673997,1,13.23,221.83,277.74,515.00,118.6475,41.7534,1
39625.158400,19.273000,1,0.999993,1,11.24,195.10,250.72,459.12,122.0871,0.0000,1
39625.160841,19.306000,1,0.672259,1,10.48,195.80,252.60,460.81,92.4449,37.1860,1
39625.163548,19.339000,1,0.656479,1,10.28,184.21,246.26,442.67,120.8966,40.1008,1
39625.164434,19.372000,1,0.718125,1,11.04,190.42,319.75,522.90,88.5696,42.8947,1
39625.166386,19.405000,1,0.820918,1,6.19,99.23,157.03,263.59,96.4866,38.5954,1
39625.168825,19.438000,1,0.685320,1,6.66,115.74,294.04,417.72,75.3077,34.0179,1
39625.171304,19.471000,1,0.999981,1,11.44,126.06,195.98,334.73,71.9130,0.0000,1
39625.173264,19.504000,1,0.484561,0,6.98,113.07,171.42,292.63,63.9295,29.0942,1
39625.175815,19.537000,1,0.408367,0,6.70,109.00,196.94,313.77,51.3908,24.0710,1
39625.177643,19.570000,1,0.998201,1,5.83,93.89,161.09,261.97,39.2074,0.0000,1
39625.187928,19.603000,1,0.300923,0,14.63,286.06,332.41,635.63,33.0469,15.2060,1
39625.189230,19.636000,1,0.663969,1,8.97,124.81,209.60,345.04,22.9722,10.1112,1
39625.193789,19.669000,1,0.566964,1,7.79,131.02,229.45,369.80,10.9402,6.3459,0
39625.195350,19.702000,1,0.796802,1,6.42,107.82,172.14,287.61,3.8903,0.0000,0
39625.197566,19.735000,1,0.274472,0,6.59,101.67,159.03,268.57,4.4003,13.1240,0
39625.200144,19.768000,1,0.395003,0,6.97,119.28,177.11,304.96,14.5659,7.1459,0
39625.202066,19.801000,1,0.973820,1,6.31,107.49,195.34,310.43,28.6112,0.0000,1
39625.220778,19.834000,1,0.491467,0,13.96,213.33,378.19,607.09,27.1885,15.8714,1
39625.222233,19.867000,1,0.779195,1,9.00,159.19,198.55,368.26,43.7874,18.4295,1
39625.234270,19.900000,1,0.670102,1,24.08,331.00,606.95,964.53,52.1028,16.5478,1
39625.235766,19.933000,1,0.999067,1,11.88,213.25,549.89,777.23,60.3134,0.0000,1
39625.239727,19.966000,1,0.373409,0,15.28,215.81,289.21,522.78,63.9578,26.5880,1
39625.240634,19.999000,1,0.787967,1,8.01,144.96,185.37,339.68,70.0742,34.2387,1
39625.285188,20.032000,1,0.950366,1,16.97,264.53,642.63,926.25,72.5247,42.2672,1
39625.286629,20.065000,1,0.999988,1,10.19,185.25,219.66,416.55,82.9362,0.0000,1
39625.287391,20.098000,1,0.416961,0,8.28,133.92,126.47,270.09,83.7985,38.5964,1
39625.288184,20.131000,1,0.597178,1,7.41,115.49,173.49,297.71,86.8014,32.4308,1
39625.325059,20.164000,1,0.685806,1,17.38,222.80,308.45,550.99,89.0486,33.7895,1
39625.326319,20.197000,1,0.999983,1,9.09,154.62,254.45,419.65,90.5785,0.0000,1
39625.327144,20.230000,1,0.679262,1,7.13,119.10,3635.58,3762.98,91.4277,46.1281,1
39625.331320,20.263000,1,0.586802,1,6.83,104.38,173.89,286.27,79.3630,36.5982,1
39625.333050,20.296000,1,0.662344,1,10.02,159.17,255.16,425.90,98.3193,31.0948,1
39625.335303,20.329000,1,0.768661,1,8.43,156.08,242.56,408.48,89.6525,28.5947,1
39625.337662,20.362000,1,0.572759,1,15.47,209.08,325.15,551.56,71.4536,28.0076,1
39625.339815,20.395000,1,0.642298,1,8.32,127.47,195.09,332.48,95.1753,27.5157,1
39625.341936,20.428000,1,0.999939,1,5.79,103.24,167.63,277.65,86.9040,0.0000,1
39625.344223,20.461000,1,0.623047,1,5.86,105.46,208.74,321.37,79.8025,33.9060,1
39625.346361,20.494000,1,0.664810,1,6.01,101.47,171.74,280.31,85.1532,33.7095,1
39625.348472,20.527000,1,0.734546,1,5.52,93.61,163.28,263.50,79.2320,31.5514,1
39625.350632,20.560000,1,0.736260,1,5.66,91.97,174.03,272.75,78.6565,29.7658,1
39625.352944,20.593000,1,0.610779,1,14.78,171.92,256.79,445.22,72.3670,29.8576,1
39625.355085,20.626000,1,0.999949,1,6.42,104.06,174.78,286.36,61.9552,0.0000,1
39625.357347,20.659000,1,0.462354,0,6.70,104.29,207.57,319.66,68.5093,30.8236,1
39625.359441,20.692000,1,0.509539,1,5.85,90.45,178.92,276.23,60.2899,25.9722,1
39625.361600,20.725000,1,0.643750,1,9.18,164.04,246.21,421.17,57.0619,22.6466,1
39625.363782,20.758000,1,0.630291,1,7.22,104.86,172.84,286.06,46.9946,20.8464,1
39625.365947,20.791000,1,0.652226,1,5.93,103.96,170.18,281.23,54.7250,19.2274,1
39625.368118,20.824000,1,0.999549,1,7.26,115.29,184.94,308.85,48.9209,0.0000,1
39625.370493,20.857000,1,0.334458,0,12.33,163.08,210.84,387.76,45.7631,17.6425,1
39625.372622,20.890000,1,0.439825,0,6.52,129.95,181.32,318.91,38.3583,16.0472,1
39625.374860,20.923000,1,0.517474,1,6.04,95.06,170.13,272.26,36.3742,14.9624,1
39625.380659,20.956000,1,0.599326,1,7.33,121.44,229.85,359.84,43.4494,13.1188,1
39625.382357,20.989000,1,0.531149,1,6.19,104.71,193.30,305.40,39.6911,12.6782,1
39625.384504,21.022000,1,0.565472,1,6.98,117.41,254.64,380.39,36.9681,12.1955,1
39625.386789,21.055000,1,0.536765,1,9.61,155.57,239.40,406.12,32.4512,11.8583,1
39625.388935,21.088000,1,0.509635,1,8.94,160.57,245.79,416.90,33.1217,11.3811,1
39625.391134,21.121000,1,0.466614,0,9.33,143.51,223.81,377.94,29.8828,11.1420,1
39625.393282,21.154000,1,0.447173,0,6.83,117.26,166.58,292.02,31.7452,11.0422,1
39625.395707,21.187000,1,0.410621,0,6.24,98.37,162.06,267.76,26.6725,10.9662,1
39625.397713,21.220000,1,0.405934,0,8.50,125.87,211.82,347.98,30.2890,10.9756,1
39625.399770,21.253000,1,0.402077,0,6.02,112.86,212.34,332.41,31.7957,11.1010,1
39625.401961,21.286000,1,0.397041,0,13.84,159.63,239.81,415.30,29.3898,11.2900,1
39625.404214,21.319000,1,0.381693,0,11.95,174.88,204.04,392.27,26.9921,11.4287,1
39625.406345,21.352000,1,0.353656,0,8.59,139.76,215.27,365.56,30.1910,11.8523,1
39625.408482,21.385000,1,0.310973,0,6.56,102.74,168.33,278.72,23.7669,12.2314,1
39625.410617,21.418000,1,0.319263,0,6.10,103.00,169.74,279.96,34.3164,12.7718,1
39625.413775,21.451000,1,0.326653,0,6.01,104.45,169.79,281.30,36.3765,13.4319,1
39625.415018,21.484000,1,0.296815,0,5.62,93.85,167.51,267.95,25.6794,14.1361,1
39625.417512,21.517000,1,0.996097,1,5.93,98.60,177.80,283.55,33.7139,0.0000,1
39625.420121,21.550000,1,0.221638,0,15.63,256.06,361.86,636.16,42.1992,15.1866,1
39625.421997,21.583000,1,0.293075,0,8.56,146.16,202.64,361.24,33.5520,14.5798,1
39625.424422,21.616000,1,0.470685,0,7.11,111.61,178.15,298.56,36.7196,13.2144,1
39625.426931,21.649000,1,0.489402,0,6.42,114.19,180.36,302.08,39.4863,13.5677,1
39625.429144,21.682000,1,0.413541,0,6.19,99.80,166.00,273.13,36.9288,13.9387,1
39625.431468,21.715000,1,0.457926,0,6.13,102.91,199.82,310.08,41.4695,14.3262,1
39625.433859,21.748000,1,0.450683,0,6.87,106.61,191.30,305.98,37.3509,14.7036,1
39625.436301,21.781000,1,0.493965,0,18.15,248.68,369.19,638.10,45.1448,15.1327,1
39625.438481,21.814000,1,0.998406,1,9.67,170.32,218.06,399.44,38.8907,0.0000,1
39625.447301,21.847000,1,0.435635,0,21.95,343.87,707.64,1077.18,41.5941,27.8034,1
39625.449190,21.880000,1,0.615040,1,13.96,226.83,466.37,709.70,49.1280,17.1900,1
39625.451475,21.913000,1,0.533958,1,10.60,150.69,397.99,561.02,45.3555,18.2158,1
39625.453041,21.946000,1,0.427793,0,9.05,193.14,462.71,666.28,46.9595,19.7247,1
39625.455167,21.979000,1,0.548122,1,7.87,139.03,303.97,452.29,44.5105,20.4329,1
39625.457237,22.012000,1,0.325132,0,11.77,207.12,396.83,617.74,35.3636,21.0510,1
39625.459511,22.045000,1,0.514321,1,11.98,191.77,392.37,598.65,52.8081,21.7254,1
39625.461708,22.078000,1,0.537567,1,8.55,128.26,234.50,372.89,54.5294,22.4813,1
39625.464836,22.111000,1,0.482262,0,6.58,109.01,196.44,313.43,23.4613,23.0938,1
39625.467021,22.144000,1,0.558351,1,7.78,129.85,183.66,322.72,69.9222,24.0581,1
39625.472083,22.177000,1,0.576479,1,25.70,353.86,386.78,769.59,47.3972,24.6007,1
39625.473516,22.210000,1,0.594131,1,11.34,196.84,196.72,407.00,55.9719,25.3327,1
39625.477717,22.243000,1,0.613035,1,13.39,225.32,270.33,511.56,35.7262,25.8130,1
39625.478688,22.276000,1,0.578495,1,10.43,191.36,204.12,407.93,55.6087,26.2863,1
39625.483827,22.309000,1,0.704961,1,10.84,201.66,272.56,487.17,56.5688,26.2722,1
39625.484735,22.342000,1,0.614484,1,11.29,191.12,303.97,508.61,47.1251,26.1835,1
39625.490855,22.375000,1,0.616373,1,14.65,228.97,319.71,565.48,44.1216,26.0700,1
39625.494033,22.408000,1,0.582648,1,10.55,182.87,242.76,438.19,50.1346,25.9473,1
39625.494904,22.441000,1,0.633289,1,9.97,186.45,198.49,396.98,38.5271,26.7694,1
39625.499205,22.474000,1,0.640098,1,9.02,144.72,294.11,449.45,61.3286,26.1309,1
39625.499985,22.507000,1,0.999879,1,7.43,120.00,225.49,354.24,46.1926,0.0000,1
39625.501833,22.540000,1,0.225950,0,8.78,131.88,316.94,459.06,50.6896,26.0839,1
39625.503514,22.573000,1,0.410165,0,8.71,158.58,256.34,424.92,39.5227,21.1209,1
39625.505540,22.606000,1,0.454562,0,6.60,109.67,182.11,299.64,49.8525,20.5587,1
39625.507760,22.639000,1,0.470843,0,5.90,100.71,201.11,308.80,52.6152,19.3621,1
39625.509923,22.672000,1,0.493834,0,5.59,96.01,168.61,271.35,47.9527,19.0893,1
39625.512291,22.705000,1,0.451209,0,5.29,88.47,165.79,260.61,45.1141,19.8190,1
39625.514281,22.738000,1,0.493688,0,5.66,100.34,167.42,274.49,46.0946,19.2275,1
39625.516410,22.771000,1,0.568990,1,5.67,98.10,190.25,295.18,45.0988,16.9200,1
39625.520511,22.804000,1,0.570660,1,16.52,232.81,749.20,1000.61,47.8302,16.7470,1
39625.522180,22.837000,1,0.555879,1,8.46,161.32,349.73,520.85,45.4035,16.5963,1
39625.523962,22.870000,1,0.535531,1,7.46,136.53,323.59,468.98,45.1825,16.4958,1
39625.526118,22.903000,1,0.510968,1,6.22,104.63,313.19,425.21,41.5741,16.4161,1
39625.528319,22.936000,1,0.515845,1,6.08,98.87,312.97,419.15,42.6506,16.3953,1
39625.530438,22.969000,1,0.540672,1,5.62,94.01,318.86,419.55,49.1625,16.4150,1
39625.532558,23.002000,1,0.523630,1,5.57,117.54,331.88,456.21,41.8506,16.4779,1
39625.534774,23.035000,1,0.545014,1,7.21,114.41,607.67,730.87,45.0986,16.5868,1
39625.537341,23.068000,1,0.998930,1,19.11,201.22,290.08,512.87,36.8010,0.0000,1
39625.540810,23.101000,1,0.306094,0,11.63,166.59,220.04,400.14,50.9027,23.3816,1
39625.542263,23.134000,1,0.514409,1,6.74,119.75,169.14,297.14,46.5989,19.0642,1
39625.570784,23.167000,1,0.524591,1,24.05,329.88,403.42,760.04,34.8454,18.3699,1
39625.572462,23.200000,1,0.510279,1,14.96,250.92,370.12,638.58,53.0483,17.9796,1
39625.574451,23.233000,1,0.499875,0,8.97,169.28,202.17,381.85,45.0441,17.5450,1
39625.576670,23.266000,1,0.466055,0,6.50,106.26,183.87,297.97,42.6724,17.3849,1
39625.578887,23.299000,1,0.608900,1,9.09,146.37,178.23,335.08,43.6992,15.4884,1
39625.583977,23.332000,1,0.998949,1,8.08,150.29,124.10,283.72,42.4629,0.0000,1
39625.586047,23.365000,1,0.326991,0,12.66,185.98,318.22,518.80,42.4880,19.2071,1
39625.588070,23.398000,1,0.452875,0,9.96,161.33,228.27,401.28,48.5278,18.5336,1
39625.590191,23.431000,1,0.516743,1,6.89,109.39,162.54,280.04,44.0792,18.5269,1
39625.593143,23.464000,1,0.496861,0,8.69,126.73,190.92,327.89,44.1378,18.3783,1
39625.594976,23.497000,1,0.524385,1,6.72,127.02,186.85,322.09,44.2066,16.9574,1
39625.633801,23.530000,1,0.502806,1,15.20,243.44,391.07,651.46,40.9696,16.7471,1
39625.635387,23.563000,1,0.509443,1,8.78,185.43,310.87,506.79,45.0525,16.5386,1
39625.637625,23.596000,1,0.523121,1,10.77,171.85,225.12,409.44,47.0006,16.3733,1
39625.639821,23.629000,1,0.999094,1,8.01,137.37,199.00,345.68,44.4785,0.0000,1
39625.642239,23.662000,1,0.345206,0,6.68,123.86,170.09,301.87,44.5534,19.6731,1
39625.644225,23.695000,1,0.451426,0,6.45,113.66,169.61,291.39,43.0494,19.8174,1
39625.646964,23.728000,1,0.511007,1,38.89,377.01,568.78,987.67,32.7837,21.4361,1
39625.649575,23.761000,1,0.520770,1,8.76,140.52,330.85,481.56,57.6187,21.1705,1
39625.651226,23.794000,1,0.535069,1,7.50,119.63,315.07,443.66,35.2591,17.0059,1
39625.653619,23.827000,1,0.488066,0,12.75,196.11,421.84,632.95,48.1904,17.1707,1
39625.655605,23.860000,1,0.480971,0,7.74,127.93,346.44,483.31,47.8976,18.1148,1
39625.657749,23.893000,1,0.436063,0,6.45,119.94,335.11,462.72,43.7078,19.9871,1
39625.659880,23.926000,1,0.999391,1,6.11,98.87,315.70,421.84,44.1034,0.0000,1
39625.661938,23.959000,1,0.322044,0,12.67,231.07,412.79,659.10,50.8112,20.6647,1
39625.664194,23.992000,1,0.472369,0,11.22,208.02,373.93,595.42,42.0538,19.7766,1
39625.668756,24.025000,1,0.536691,1,14.63,344.45,615.97,977.75,47.9590,19.4775,1
39625.671991,24.058000,1,0.438304,0,15.85,202.82,270.14,490.31,37.3912,18.8977,1
39625.673485,24.091000,1,0.454778,0,8.33,162.78,8937.21,9109.87,45.5541,18.9680,1
39625.683284,24.124000,1,0.486504,0,14.27,224.37,393.68,633.96,48.9922,22.8520,1
39625.684689,24.157000,1,0.569131,1,8.55,138.39,384.49,532.91,38.6988,24.0617,1
39625.686483,24.190000,1,0.607364,1,9.48,161.16,263.03,435.28,43.1355,24.3988,1
39625.687265,24.223000,1,0.609714,1,10.16,129.77,191.79,333.03,55.5883,24.7673,1
39625.688652,24.256000,1,0.628726,1,7.15,120.33,177.30,306.06,40.6513,25.5675,1
39625.690875,24.289000,1,0.676118,1,6.33,106.34,187.99,301.92,49.8471,27.2127,1
39625.693021,24.322000,1,0.670866,1,6.49,100.33,166.76,274.91,38.1481,27.3183,1
39625.695172,24.355000,1,0.675425,1,6.35,105.13,191.37,304.16,49.5503,27.0309,1
39625.697333,24.388000,1,0.687421,1,5.96,96.46,153.63,257.40,47.9305,26.8276,1
39625.699472,24.421000,1,0.999835,1,6.27,107.76,157.94,273.19,41.4058,0.0000,1
39625.701738,24.454000,1,0.190000,0,6.06,104.11,179.77,291.15,49.1918,23.4198,1
39625.704050,24.487000,1,0.340176,0,9.71,167.29,245.79,425.28,41.8033,20.1033,1
39625.706263,24.520000,1,0.403292,0,9.66,156.91,229.23,397.27,44.4458,20.7445,1
39625.708378,24.553000,1,0.363881,0,6.92,114.02,202.74,325.02,46.0810,20.2728,1
39625.710709,24.586000,1,0.566742,1,10.14,104.23,166.95,282.48,41.7396,23.6765,1
39625.719339,24.619000,1,0.428245,0,19.01,247.61,432.83,701.65,46.3426,20.0350,1
39625.720938,24.652000,1,0.999620,1,8.94,160.31,331.94,502.71,49.7167,0.0000,1
39625.723240,24.685000,1,0.359898,0,10.87,161.46,224.12,398.10,44.9219,27.5753,1
39625.731443,24.718000,1,0.503377,1,12.13,158.06,211.54,383.34,44.8996,21.4952,1
39625.759148,24.751000,1,0.484066,0,16.67,310.14,374.23,704.17,44.5612,20.2000,1
39625.766822,24.784000,1,0.396192,0,14.22,303.90,135.38,455.77,42.2481,21.9113,1
39625.767651,24.817000,1,0.550752,1,9.00,140.56,609.27,760.58,45.9614,21.4943,1
39625.770858,24.850000,1,0.344117,0,15.13,219.43,462.68,699.00,35.3749,21.8545,1
39625.771977,24.883000,1,0.473044,0,10.07,200.99,4830.14,5043.02,55.7676,22.4527,1
39625.777592,24.916000,1,0.449881,0,7.46,119.57,8201.21,8329.60,39.9944,21.1128,1
39625.786796,24.949000,1,0.389069,0,12.68,195.86,529.66,739.88,44.0535,21.1560,1
39625.788107,24.982000,1,0.447547,0,7.20,130.71,319.20,458.34,48.1005,22.2947,1
39625.790036,25.015000,1,0.457051,0,8.30,115.89,333.30,458.59,43.9400,22.3836,1
39625.792274,25.048000,1,0.499617,0,6.11,104.58,306.57,418.53,44.1307,23.1775,1
39625.794416,25.081000,1,0.640182,1,5.66,97.96,299.52,404.26,45.7611,26.8563,1
39625.796634,25.114000,1,0.999814,1,13.53,251.03,459.78,726.65,44.1867,0.0000,1
39625.802953,25.147000,1,0.220600,0,20.07,548.47,587.50,1159.96,48.1174,21.7656,1
39625.804668,25.180000,1,0.369143,0,9.45,138.44,395.65,545.14,40.3971,21.1907,1
39625.805557,25.213000,1,0.429194,0,8.89,154.68,200.69,365.70,36.8750,21.5859,1
39625.807905,25.246000,1,0.336523,0,6.59,106.01,173.36,287.31,44.8842,20.3649,1
39625.809536,25.279000,1,0.487764,0,6.44,107.50,199.29,314.52,47.3128,20.3761,1
39625.811701,25.312000,1,0.432997,0,5.85,96.75,168.25,272.06,47.5472,19.7441,1
39625.813805,25.345000,1,0.460599,0,5.90,90.49,182.62,280.04,44.6771,19.5875,1
39625.816024,25.378000,1,0.485717,0,6.98,117.04,175.68,300.75,42.6708,18.4504,1
39625.818350,25.411000,1,0.486502,0,18.14,165.88,335.23,520.90,45.9498,18.1036,1
39625.820306,25.444000,1,0.556269,1,8.03,148.84,203.79,362.23,51.1278,17.1437,1
39625.826259,25.477000,1,0.561644,1,10.47,160.77,227.88,400.87,44.7651,16.7858,1
39625.827710,25.510000,1,0.525710,1,7.84,108.80,179.19,296.99,40.0492,16.7511,1
39625.830321,25.543000,1,0.999127,1,6.64,105.24,186.59,299.79,45.2702,0.0000,1
39625.832068,25.576000,1,0.329985,0,5.97,115.99,203.40,326.55,43.8166,20.1373,1
39625.834451,25.609000,1,0.454501,0,9.18,179.29,191.44,382.57,42.7485,24.0905,1
39625.836724,25.642000,1,0.541222,1,10.18,159.76,254.21,425.75,50.1887,19.7092,1
39625.838839,25.675000,1,0.464519,0,9.74,170.69,248.68,431.44,47.0424,19.2250,1
39625.845377,25.708000,1,0.471793,0,13.44,239.23,288.50,543.44,43.0237,17.9164,1
39625.846401,25.741000,1,0.522696,1,10.01,182.99,184.42,379.37,47.3760,18.0123,1
39625.849014,25.774000,1,0.411420,0,9.21,124.12,213.15,347.97,38.1346,17.9999,1
39625.857289,25.807000,1,0.502445,1,11.19,180.37,276.00,469.08,51.4664,17.9728,1
39625.934956,25.840000,1,0.489775,0,20.76,330.91,692.54,1046.55,44.8001,17.9257,1
39625.936761,25.873000,1,0.470809,0,14.06,230.03,387.20,633.06,38.7739,17.9514,1
39625.938542,25.906000,1,0.495499,0,8.78,179.91,364.80,555.02,48.5125,18.5348,1
39625.940805,25.939000,1,0.419808,0,6.32,113.70,321.43,442.64,36.9077,18.9606,1
39625.943051,25.972000,1,0.505907,1,5.72,119.48,312.33,438.69,53.4921,19.1128,1
39625.945253,26.005000,1,0.410906,0,8.37,141.17,352.71,504.01,21.7359,19.3224,1
39625.947501,26.038000,1,0.509140,1,14.49,246.34,561.22,824.48,69.1606,20.3809,1
39625.950048,26.071000,1,0.429385,0,12.46,200.95,422.79,638.39,37.7252,20.6788,1
39625.952216,26.104000,1,0.477690,0,14.99,249.67,457.67,724.56,49.6404,21.1495,1
39625.954385,26.137000,1,0.525932,1,8.97,168.34,360.10,539.16,46.8927,21.3732,1
39625.956568,26.170000,1,0.428965,0,9.25,148.95,362.67,522.54,39.6967,21.6588,1
39625.958783,26.203000,1,0.520735,1,7.38,118.52,327.12,454.26,49.8169,22.2640,1
39625.960953,26.236000,1,0.467766,0,9.29,151.16,346.82,508.98,36.3304,22.8059,1
39625.963035,26.269000,1,0.999707,1,7.79,138.52,318.24,465.90,52.5451,0.0000,1
39625.965421,26.302000,1,0.264741,0,11.19,180.49,350.24,543.98,40.8999,22.0407,1
39625.967523,26.335000,1,0.390030,0,7.73,144.63,334.14,487.92,37.4206,18.2333,1
39625.969845,26.368000,1,0.486215,0,18.46,265.48,401.54,688.62,43.3227,17.5388,1
39625.972023,26.401000,1,0.381809,0,11.18,191.36,305.34,509.67,49.0774,18.6090,1
39625.974746,26.434000,1,0.518108,1,12.86,281.57,343.64,640.75,46.1422,18.4912,1
39625.976871,26.467000,1,0.453284,0,18.46,288.53,334.08,643.86,41.7191,18.4324,1
39625.978981,26.500000,1,0.499731,0,11.54,209.00,261.93,484.71,49.4034,18.9885,1
39625.984841,26.533000,1,0.494528,0,17.54,259.55,393.87,673.57,46.2848,19.3984,1
39625.986348,26.566000,1,0.504782,1,17.69,280.98,406.61,708.03,45.9422,19.3913,1
39626.001602,26.599000,1,0.999583,1,13.61,220.74,305.59,541.91,48.2073,0.0000,1
39626.002666,26.632000,1,0.310005,0,9.97,172.75,374.63,558.84,40.8735,20.6342,1
39626.004067,26.665000,1,0.482343,0,11.68,161.16,360.53,535.24,47.4373,17.8742,1
39626.005756,26.698000,1,0.485340,0,8.18,135.72,339.29,484.77,33.2806,18.6251,1
39626.008045,26.731000,1,0.456458,0,8.76,132.06,330.75,473.16,53.7974,18.9040,1
39626.010292,26.764000,1,0.559564,1,6.73,113.51,312.19,433.79,45.4278,17.3962,1
39626.012479,26.797000,1,0.519398,1,13.16,217.06,436.74,669.58,46.8401,17.6602,1
39626.014700,26.830000,1,0.999431,1,12.53,201.95,414.11,630.70,45.6996,0.0000,1
39626.016873,26.863000,1,0.310802,0,11.68,387.56,395.60,797.03,40.4615,25.1392,1
39626.019023,26.896000,1,0.521650,1,14.81,264.90,495.25,777.66,32.7376,24.6895,1
39626.021391,26.929000,1,0.823783,1,12.30,184.05,264.04,462.42,56.1468,32.5724,1
39626.025150,26.962000,1,0.878955,1,7.81,123.72,181.93,317.08,38.1104,32.0545,1
39626.027324,26.995000,1,0.999907,1,11.72,113.74,187.09,314.12,55.1224,0.0000,1
39626.029905,27.028000,1,0.488376,0,6.32,113.07,190.07,310.63,38.4033,39.5255,1
39626.033096,27.061000,1,0.684867,1,6.93,114.19,223.23,345.60,50.7127,19.6808,1
39626.036923,27.094000,1,0.397230,0,32.74,429.31,870.24,1336.36,45.9928,19.7531,1
39626.038905,27.127000,1,0.456043,0,16.43,259.00,438.76,716.85,45.9696,17.8490,1
39626.040790,27.160000,1,0.544644,1,12.74,196.98,411.08,622.79,42.3330,17.5469,1
39626.042874,27.193000,1,0.341763,0,8.84,135.01,347.76,493.12,47.5432,17.4731,1
39626.045074,27.226000,1,0.469065,0,6.74,111.27,315.98,435.26,39.2984,17.4227,1
39626.047189,27.259000,1,0.501127,1,6.24,106.62,315.59,430.23,48.7983,17.2750,1
39626.049391,27.292000,1,0.999281,1,13.91,217.47,467.16,700.91,45.8947,0.0000,1
39626.051470,27.325000,1,0.342530,0,15.99,221.88,517.53,757.56,43.8632,18.8766,1
39626.053712,27.358000,1,0.456194,0,14.08,230.27,466.36,713.07,41.3092,18.6189,1
39626.056057,27.391000,1,0.503024,1,13.74,208.73,427.40,664.21,46.7256,18.7847,1
39626.058313,27.424000,1,0.487447,0,8.35,130.98,337.33,478.22,48.8497,19.9306,1
39626.060183,27.457000,1,0.510892,1,7.25,114.56,236.19,359.29,41.0560,18.1782,1
39626.066459,27.490000,1,0.457615,0,13.37,238.70,400.44,654.65,46.4592,20.9576,1
39626.067579,27.523000,1,0.999595,1,10.43,196.19,263.36,471.99,45.8292,0.0000,1
39626.069238,27.556000,1,0.381617,0,14.79,197.26,449.89,664.22,43.5744,26.6620,1
39626.071297,27.589000,1,0.537986,1,13.94,181.55,215.65,413.05,45.0374,17.6354,1
39626.073267,27.622000,1,0.998783,1,12.88,194.62,255.22,464.97,42.6364,0.0000,1
39626.075639,27.655000,1,0.262810,0,7.77,132.60,208.16,349.92,49.7306,19.9439,1
39626.077791,27.688000,1,0.552865,1,6.41,111.20,179.37,298.33,21.2738,19.8778,1
39626.082832,27.721000,1,0.387515,0,11.12,196.20,313.66,522.67,65.7303,19.5831,1
39626.089099,27.754000,1,0.514824,1,26.51,322.42,608.88,960.68,42.5064,23.0179,1
39626.091273,27.787000,1,0.559774,1,10.46,149.49,216.76,378.44,46.3422,23.2742,1
39626.103711,27.820000,1,0.551654,1,21.77,312.34,403.23,740.05,49.9415,23.1635,1
39626.105649,27.853000,1,0.593780,1,8.69,165.23,230.30,405.60,46.2684,27.4526,1
39626.107836,27.886000,1,0.999852,1,6.46,113.40,185.55,306.92,44.8716,0.0000,1
39626.110036,27.919000,1,0.240365,0,7.15,121.68,227.93,358.13,39.4121,26.3101,1
39626.112516,27.952000,1,0.505651,1,6.74,101.51,162.88,272.31,50.2564,17.3965,1
39626.124715,27.985000,1,0.520718,1,16.28,224.56,308.50,551.20,44.8040,17.3024,1
39626.126276,28.018000,1,0.443232,0,8.70,157.62,194.47,362.33,43.3701,17.2978,1
39626.131936,28.051000,1,0.999169,1,7.64,145.76,212.28,366.99,46.2222,0.0000,1
39626.136832,28.084000,1,0.245950,0,24.80,412.91,462.68,904.10,36.2402,19.8090,1
39626.138677,28.117000,1,0.506890,1,16.29,254.52,335.84,609.23,53.3378,16.8776,1
39626.151714,28.150000,1,0.520108,1,18.74,244.16,756.13,1020.78,42.9305,18.0880,1
39626.153744,28.183000,1,0.458458,0,19.39,285.65,374.58,681.95,39.8438,18.3041,1
39626.155835,28.216000,1,0.572228,1,17.02,310.33,294.89,624.67,50.9965,20.4338,1
39626.163127,28.249000,1,0.453222,0,15.37,266.76,319.93,604.48,42.1124,20.7608,1
39626.164223,28.282000,1,0.543091,1,10.99,179.75,191.23,383.95,48.0492,22.2848,1
39626.169926,28.315000,1,0.999693,1,35.35,572.20,1076.71,1688.66,44.8080,0.0000,1
39626.172554,28.348000,1,0.272473,0,19.84,304.43,573.20,900.28,44.8077,19.5227,1
39626.174007,28.381000,1,0.399875,0,15.66,236.83,304.50,559.43,44.8070,21.9666,1
39626.178476,28.414000,1,0.469149,0,13.52,230.93,264.98,511.94,42.4096,21.8630,1
39626.181014,28.447000,1,0.414362,0,10.96,197.02,252.50,462.38,42.9355,21.0870,1
39626.184083,28.480000,1,0.489105,0,11.04,202.36,3452.85,3668.33,49.1866,20.4013,1
39626.190867,28.513000,1,0.448683,0,15.85,297.62,318.96,635.32,44.8686,19.7744,1
39626.191920,28.546000,1,0.462589,0,8.05,130.13,10888.18,11027.84,44.8670,19.1978,1
39626.204070,28.579000,1,0.463459,0,22.09,336.15,782.65,1144.36,44.8597,18.6827,1
39626.205960,28.612000,1,0.452635,0,15.21,295.27,503.07,815.76,41.6723,18.2114,1
39626.207628,28.645000,1,0.438416,0,9.03,146.77,374.16,531.66,37.2049,17.7879,1
39626.208733,28.678000,1,0.488745,0,8.04,119.57,455.08,584.13,44.8753,16.4683,1
39626.209856,28.711000,1,0.499348,0,7.00,109.68,308.64,426.61,45.9776,16.2302,1
39626.211774,28.744000,1,0.543677,1,6.13,103.45,406.30,517.05,46.3955,16.0245,1
39626.213937,28.777000,1,0.575355,1,11.08,205.98,370.76,589.93,46.2133,15.8556,1
39626.219119,28.810000,1,0.597946,1,19.13,368.10,835.97,1226.04,47.2957,15.7110,1
39626.221018,28.843000,1,0.614636,1,14.96,269.05,799.98,1086.45,47.9867,15.6114,1
39626.222759,28.876000,1,0.560386,1,19.16,267.48,415.56,704.96,36.9587,15.5372,1
39626.224360,28.909000,1,0.999088,1,10.94,127.44,317.65,457.48,52.9739,0.0000,1
39626.226439,28.942000,1,0.384970,0,6.47,102.85,307.88,418.92,43.9823,18.6085,1
39626.228597,28.975000,1,0.485310,0,6.11,103.91,328.78,439.95,45.4855,19.7667,1
39626.230777,29.008000,1,0.541359,1,5.97,97.39,314.37,418.92,42.5561,20.0988,1
39626.232842,29.041000,1,0.506176,1,8.86,142.66,381.95,535.16,47.0352,21.9449,1
39626.235280,29.074000,1,0.610538,1,11.90,177.96,703.58,895.72,44.8470,22.5701,1
39626.237586,29.107000,1,0.538451,1,18.24,342.70,573.88,938.38,43.7931,23.3125,1
39626.240075,29.140000,1,0.546757,1,16.44,250.34,414.17,683.69,39.4095,23.7882,1
39626.242222,29.173000,1,0.622004,1,10.66,179.91,318.72,511.67,45.6157,25.6913,1
39626.244431,29.206000,1,0.665208,1,6.16,107.79,319.53,434.68,47.7587,26.2141,1
39626.246534,29.239000,1,0.659478,1,6.11,109.08,340.29,456.79,36.2082,26.8758,1
39626.248745,29.272000,1,0.701136,1,5.80,95.00,312.72,414.65,53.4861,27.5280,1
39626.250966,29.305000,1,0.999865,1,6.18,126.21,333.41,467.05,45.4313,0.0000,1
39626.253066,29.338000,1,0.184657,0,11.18,195.67,397.86,606.47,47.2545,22.4042,1
39626.255452,29.371000,1,0.392388,0,11.37,175.97,343.30,532.11,38.3384,17.7336,1
39626.257523,29.404000,1,0.415830,0,8.80,148.68,325.64,484.37,47.5134,19.0948,1
39626.259655,29.437000,1,0.348775,0,6.35,110.42,320.12,438.52,46.4770,20.5030,1
39626.261864,29.470000,1,0.553217,1,5.97,111.73,364.59,483.49,47.6746,20.7371,1
39626.272722,29.503000,1,0.434256,0,21.55,366.24,579.76,970.77,45.3179,20.9470,1
39626.274565,29.536000,1,0.466695,0,21.38,280.97,496.50,801.47,46.2954,21.9167,1
39626.278806,29.569000,1,0.508976,1,11.85,212.65,335.09,561.88,45.0788,22.4248,1
39626.304483,29.602000,1,0.450990,0,23.16,285.41,755.64,1067.08,45.0828,21.1563,1
39626.306304,29.635000,1,0.445766,0,13.86,224.81,421.43,661.99,45.0816,21.8601,1
39626.307826,29.668000,1,0.466389,0,16.57,166.53,433.63,618.64,45.0754,22.4290,1
39626.309075,29.701000,1,0.488555,0,9.98,150.78,473.75,636.32,45.0676,23.1624,1
39626.310258,29.734000,1,0.512291,1,6.70,106.02,307.65,421.58,42.7235,23.8024,1
39626.312116,29.767000,1,0.570800,1,9.30,137.00,343.61,491.61,45.7674,24.3355,1
39626.314328,29.800000,1,0.599492,1,7.21,113.87,310.66,433.16,46.1725,25.0330,1
39626.316434,29.833000,1,0.607678,1,6.15,97.25,315.17,419.79,41.6177,25.3716,1
39626.318670,29.866000,1,0.600977,1,10.31,149.73,589.93,751.66,38.3290,25.5091,1
39626.321060,29.899000,1,0.999758,1,15.37,239.90,449.26,706.91,44.8202,0.0000,1
39626.323288,29.932000,1,0.208713,0,22.07,261.06,458.10,744.17,45.7597,18.8495,1
39626.325527,29.965000,1,0.365030,0,8.45,159.79,335.10,504.76,48.4116,18.8138,1
39626.327728,29.998000,1,0.470387,0,6.21,102.26,318.91,428.56,51.5859,18.8465,1
39626.329932,30.031000,1,0.407417,0,6.61,106.61,339.48,453.84,38.8237,19.2868,1
39626.332040,30.064000,1,0.526565,1,5.88,106.04,314.49,427.45,46.9916,19.4821,1
39626.334233,30.097000,1,0.469783,0,9.98,162.61,356.95,531.26,44.8809,21.6723,1
39626.336804,30.130000,1,0.559358,1,16.04,260.15,517.35,796.32,49.2888,23.2511,1
39626.339111,30.163000,1,0.571794,1,12.78,208.89,402.29,626.14,40.1856,23.4047,1
39626.341049,30.196000,1,0.623494,1,8.91,186.23,246.28,443.19,49.8408,26.1857,1
39626.343169,30.229000,1,0.723784,1,7.03,125.95,187.91,322.26,41.5163,27.1505,1
39626.345340,30.262000,1,0.720650,1,6.85,113.26,192.79,314.17,48.3198,27.6549,1
39626.347597,30.295000,1,0.744353,1,6.23,114.44,170.82,292.68,44.9087,28.1588,1
39626.349712,30.328000,1,0.704874,1,7.70,134.43,194.12,337.82,43.2639,28.1550,1
39626.351821,30.361000,1,0.999864,1,10.33,136.81,191.40,339.98,43.4182,0.0000,1
39626.354205,30.394000,1,0.138238,0,15.64,240.24,320.31,578.63,39.8037,20.7740,1
39626.356371,30.427000,1,0.294376,0,7.24,131.33,170.81,310.87,43.8972,20.2953,1
39626.358772,30.460000,1,0.367978,0,8.22,108.85,188.12,306.56,53.1309,20.4958,1
39626.360693,30.493000,1,0.359118,0,6.33,99.14,158.34,265.13,43.9674,21.1153,1
39626.362996,30.526000,1,0.516662,1,9.84,101.68,161.15,273.93,46.3793,21.0297,1
39626.365206,30.559000,1,0.416778,0,12.77,126.59,213.03,353.77,43.6396,21.0238,1
39626.367880,30.592000,1,0.429693,0,7.91,128.87,207.07,345.19,46.2052,21.0438,1
39626.370073,30.625000,1,0.435042,0,15.64,258.81,438.38,715.37,44.8466,20.7987,1
39626.372705,30.658000,1,0.519551,1,22.05,327.87,406.96,759.98,42.6929,24.1692,1
39626.378656,30.691000,1,0.664748,1,27.39,381.55,434.43,846.47,46.9761,26.9504,1
39626.380348,30.724000,1,0.719756,1,12.73,203.88,272.08,490.61,44.8365,27.1117,1
39626.381120,30.757000,1,0.702505,1,9.61,176.74,285.37,473.19,38.8030,27.5069,1
39626.382956,30.790000,1,0.705558,1,9.90,160.14,436.64,608.19,48.3801,27.6243,1
39626.385099,30.823000,1,0.999864,1,16.07,248.48,731.42,998.51,47.3649,0.0000,1
39626.388078,30.856000,1,0.191177,0,21.24,275.62,566.89,867.83,44.8557,19.7440,1
39626.390244,30.889000,1,0.308868,0,11.83,213.07,398.32,625.50,36.7014,19.7880,1
39626.392416,30.922000,1,0.366154,0,14.75,285.77,516.61,819.61,44.8657,22.2833,1
39626.394667,30.955000,1,0.383122,0,17.00,264.93,467.63,752.28,47.9324,22.1185,1
39626.396903,30.988000,1,0.591663,1,13.84,265.77,453.49,735.58,44.4520,23.8610,1
39626.399157,31.021000,1,0.590188,1,16.92,279.40,759.35,1058.19,46.7625,24.5897,1
39626.401648,31.054000,1,0.600672,1,15.28,255.09,833.03,1105.92,45.6810,25.2935,1
39626.405090,31.087000,1,0.635582,1,23.29,398.92,516.04,942.03,45.5672,25.9115,1
39626.420132,31.120000,1,0.664421,1,39.51,456.68,937.15,1437.00,46.9421,26.1492,1
39626.424775,31.153000,1,0.655335,1,16.13,354.02,435.67,808.69,40.2895,26.7884,1
39626.426383,31.186000,1,0.691177,1,14.02,221.10,856.08,1093.30,44.4362,27.5764,1
39626.428238,31.219000,1,0.999870,1,17.08,251.76,413.55,684.43,50.8442,0.0000,1
39626.430071,31.252000,1,0.195625,0,12.01,215.52,389.10,618.96,42.5623,19.5568,1
39626.432279,31.285000,1,0.347359,0,16.98,228.37,416.15,664.65,42.9295,19.3808,1
39626.434818,31.318000,1,0.438595,0,19.49,359.11,497.66,879.53,49.7538,18.8400,1
39626.437193,31.351000,1,0.340398,0,16.33,296.95,485.01,800.85,42.1219,20.1767,1
39626.439325,31.384000,1,0.530022,1,11.26,206.68,391.38,611.32,45.2449,20.2680,1
39626.441534,31.417000,1,0.445099,0,8.48,127.69,380.34,517.97,46.2087,19.9781,1
39626.443768,31.450000,1,0.432960,0,6.38,104.38,323.31,435.26,45.6088,20.1951,1
39626.445947,31.483000,1,0.598303,1,9.25,129.58,330.01,470.49,46.4104,25.0159,1
39626.448178,31.516000,1,0.649013,1,9.62,136.97,374.16,522.37,41.3441,26.0609,1
39626.452730,31.549000,1,0.999794,1,26.98,434.94,529.63,995.64,45.8521,0.0000,1
39626.454573,31.582000,1,0.207305,0,17.51,289.48,520.16,829.87,46.0528,19.6079,1
39626.456112,31.615000,1,0.348855,0,13.06,211.36,297.46,524.02,34.8947,21.3404,1
39626.466759,31.648000,1,0.423597,0,11.78,191.01,413.26,618.29,55.0257,19.9571,1
39626.469792,31.681000,1,0.360773,0,18.90,305.71,404.18,731.98,44.4938,20.2006,1
39626.471183,31.714000,1,0.470899,0,13.98,217.68,213.06,447.23,45.6195,20.4447,1
39626.478304,31.747000,1,0.478683,0,12.68,207.33,262.05,484.26,46.7159,22.2284,1
39626.479281,31.780000,1,0.459458,0,10.20,174.31,195.17,381.75,38.1128,22.6666,1
39626.486109,31.813000,1,0.466293,0,23.11,324.96,649.58,1000.80,44.6228,21.1101,1
39626.489447,31.846000,1,0.433786,0,15.37,253.66,288.64,560.00,46.9443,21.3243,1
39626.490489,31.879000,1,0.494846,0,10.75,177.91,186.71,377.32,49.0094,22.9639,1
39626.503022,31.912000,1,0.483819,0,18.98,299.57,561.96,883.68,47.5648,22.5567,1
39626.504663,31.945000,1,0.545544,1,10.90,185.41,385.76,584.12,45.0565,25.1332,1
39626.527265,31.978000,1,0.563945,1,13.56,213.56,368.50,597.59,43.0438,23.7388,1
39626.528467,32.011000,1,0.558471,1,8.64,170.88,323.32,504.68,46.0803,24.0658,1
39626.529496,32.044000,1,0.592928,1,6.79,110.17,273.33,391.50,38.3620,25.6474,1
39626.531380,32.077000,1,0.572358,1,6.15,110.99,314.97,433.36,52.7281,23.7523,1
39626.533543,32.110000,1,0.574493,1,6.86,112.41,333.59,454.20,45.0455,25.7851,1
39626.535581,32.143000,1,0.999819,1,7.06,143.11,371.74,523.98,45.0532,0.0000,1
39626.538348,32.176000,1,0.221518,0,15.36,192.34,401.32,611.30,45.0609,20.8192,1
39626.540552,32.209000,1,0.320867,0,8.69,144.21,380.38,534.98,37.6178,21.8375,1
39626.542476,32.242000,1,0.455184,0,6.01,95.65,308.32,411.11,47.4929,23.0728,1
39626.544687,32.275000,1,0.402431,0,5.86,99.40,323.17,429.64,40.3643,22.2476,1
39626.546880,32.308000,1,0.619247,1,6.08,95.55,314.77,417.62,52.6472,26.2048,1
39626.549150,32.341000,1,0.624911,1,8.11,120.89,322.21,452.77,38.1089,24.9650,1
39626.551317,32.374000,1,0.585646,1,8.29,126.94,499.98,636.99,52.2521,25.4257,1
39626.553566,32.407000,1,0.629787,1,13.83,270.26,427.77,714.52,45.7590,25.8364,1
39626.555763,32.440000,1,0.585539,1,15.01,202.24,377.64,597.09,45.7012,25.3615,1
39626.558064,32.473000,1,0.513769,1,12.73,187.09,361.42,563.35,45.7105,23.3309,1
39626.560330,32.506000,1,0.480623,0,10.06,186.10,243.30,441.48,38.3396,24.4424,1
39626.570486,32.539000,1,0.999767,1,22.09,381.23,460.58,867.43,51.8769,0.0000,1
39626.572597,32.572000,1,0.473380,0,12.27,186.48,564.20,764.80,39.4315,31.7396,1
39626.573835,32.605000,1,0.477856,0,7.06,120.19,231.52,359.98,44.6622,22.1695,1
39626.575298,32.638000,1,0.472138,0,7.45,125.82,194.54,329.26,47.5678,19.2432,1
39626.577507,32.671000,1,0.452002,0,7.12,117.56,191.72,317.79,48.8799,18.8360,1
39626.579762,32.704000,1,0.512143,1,6.80,114.86,241.21,364.28,45.1478,18.3260,1
39626.602526,32.737000,1,0.399906,0,24.52,359.30,825.84,1212.54,44.1357,18.0165,1
39626.604478,32.770000,1,0.999225,1,17.62,221.68,404.11,645.58,41.2978,0.0000,1
39626.606874,32.803000,1,0.297469,0,12.10,141.83,371.87,527.17,39.2013,22.8152,1
39626.608575,32.836000,1,0.485705,0,6.19,105.35,316.60,429.39,55.3650,21.2984,1
39626.610843,32.869000,1,0.494850,0,6.48,97.16,319.27,424.08,42.3686,21.2845,1
39626.613084,32.902000,1,0.454630,0,5.81,114.25,306.66,427.88,40.3110,22.7512,1
39626.615321,32.935000,1,0.681611,1,6.01,97.53,305.79,410.48,46.3932,27.2626,1
39626.637157,32.968000,1,0.646440,1,19.61,362.97,497.01,882.39,46.4972,25.8433,1
39626.639833,33.001000,1,0.999822,1,13.64,184.60,311.90,512.15,47.4601,0.0000,1
39626.641308,33.034000,1,0.192069,0,11.67,122.10,175.50,310.73,47.5637,21.7559,1
39626.647294,33.067000,1,0.411278,0,12.02,159.96,235.39,409.00,42.4673,19.0126,1
39626.649434,33.100000,1,0.454906,0,7.13,127.07,199.86,335.38,46.3096,18.5893,1
39626.651590,33.133000,1,0.500084,1,11.15,134.72,592.98,741.03,46.0684,16.6988,1
39626.654185,33.166000,1,0.489463,0,18.23,210.77,354.22,585.49,41.9601,16.5111,1
39626.660086,33.199000,1,0.510572,1,14.76,179.07,419.78,615.33,44.1868,16.0596,1
39626.670418,33.232000,1,0.482726,0,18.70,298.87,433.34,753.33,38.7256,15.9845,1
39626.671575,33.265000,1,0.513232,1,9.79,167.83,408.54,587.77,48.9354,15.9270,1
39626.703510,33.298000,1,0.489554,0,16.08,220.82,374.44,613.18,37.4038,15.8967,1
39626.704751,33.331000,1,0.526250,1,9.50,178.79,503.03,693.00,45.2136,15.9018,1
39626.722706,33.364000,1,0.535640,1,19.84,348.30,440.10,811.07,46.1299,15.9434,1
39626.735668,33.397000,1,0.554478,1,29.71,396.42,970.74,1401.00,46.1012,16.0071,1
39626.737900,33.430000,1,0.581432,1,16.59,263.62,422.03,704.54,46.3400,16.0901,1
39626.739343,33.463000,1,0.622263,1,11.38,200.24,411.34,624.97,51.7172,16.2246,1
39626.740592,33.496000,1,0.625722,1,10.40,179.47,442.43,634.03,45.4203,15.8997,1
39626.741758,33.529000,1,0.999190,1,7.59,125.23,330.30,464.42,45.4781,0.0000,1
39626.743508,33.562000,1,0.358677,0,6.42,101.90,307.82,417.26,45.9238,20.1088,1
39626.745655,33.595000,1,0.482917,0,6.30,98.00,319.35,424.83,42.4115,18.9364,1
39626.747766,33.628000,1,0.543304,1,6.88,108.13,315.99,432.26,45.7379,18.8554,1
39626.749984,33.661000,1,0.461885,0,7.53,132.47,346.05,487.50,43.3074,19.1586,1
39626.752387,33.694000,1,0.503884,1,12.09,195.69,489.37,699.13,47.8957,19.0002,1
39626.754854,33.727000,1,0.476217,0,12.90,197.60,403.24,615.96,43.8681,18.5587,1
39626.760249,33.760000,1,0.513931,1,14.38,241.29,304.16,562.31,41.0830,17.5196,1
39626.767816,33.793000,1,0.503062,1,12.01,188.02,336.72,538.57,43.9136,17.2051,1
39626.768901,33.826000,1,0.534206,1,10.57,180.21,406.09,599.62,50.5823,16.9165,1
39626.770035,33.859000,1,0.526505,1,11.70,160.14,275.47,449.18,43.0352,16.6700,1
39626.771660,33.892000,1,0.565929,1,8.67,150.77,255.66,416.65,46.7079,16.5373,1
39626.773826,33.925000,1,0.563251,1,8.07,132.94,238.00,380.43,44.8861,16.3450,1
39626.776523,33.958000,1,0.541956,1,24.77,209.84,413.61,651.05,42.2894,16.1838,1
39626.778599,33.991000,1,0.495957,0,10.39,148.58,336.78,497.12,32.3122,16.0588,1
39626.780580,34.024000,1,0.999111,1,6.70,112.33,320.29,440.68,58.4204,0.0000,1
39626.782637,34.057000,1,0.324200,0,11.66,218.31,447.39,679.53,31.5318,19.8263,1
39626.785067,34.090000,1,0.500853,1,14.31,291.62,728.61,1037.41,55.3832,18.2289,1
39626.788263,34.123000,1,0.563986,1,11.99,209.01,407.82,630.49,42.2417,18.2134,1
39626.789879,34.156000,1,0.482720,0,8.49,165.33,347.98,523.21,46.6276,18.2150,1
39626.792052,34.189000,1,0.592843,1,8.25,154.84,334.57,499.02,42.0519,18.2755,1
39626.794132,34.222000,1,0.460944,0,12.94,224.18,408.83,648.31,49.9792,19.8748,1
39626.796419,34.255000,1,0.459836,0,10.93,199.24,410.49,622.84,28.0656,18.6726,1
39626.798603,34.288000,1,0.468631,0,10.07,186.09,397.32,595.63,57.8313,18.8815,1
39626.800685,34.321000,1,0.448040,0,10.47,187.39,380.27,580.40,46.0090,19.3177,1
39626.803000,34.354000,1,0.475926,0,22.49,334.25,574.65,934.61,46.2032,19.5272,1
39626.805429,34.387000,1,0.999533,1,11.39,164.63,348.61,526.31,42.8607,0.0000,1
39626.807259,34.420000,1,0.284355,0,8.38,150.90,240.87,401.95,44.5161,20.6830,1
39626.809419,34.453000,1,0.431403,0,7.13,119.27,197.47,325.33,41.1300,19.4969,1
39626.811631,34.486000,1,0.487743,0,7.44,120.73,204.24,333.72,52.4382,21.3348,1
39626.813982,34.519000,1,0.426852,0,9.66,140.92,330.14,481.99,39.1978,20.7309,1
39626.816259,34.552000,1,0.528108,1,7.71,116.74,259.13,384.86,46.5236,22.2063,1
39626.852457,34.585000,1,0.489890,0,31.42,356.93,878.34,1271.32,53.0473,22.4369,1
39626.854424,34.618000,1,0.450227,0,12.25,213.82,336.38,564.60,38.3248,21.9786,1
39626.855845,34.651000,1,0.513526,1,11.77,305.41,257.68,576.67,47.6199,19.1916,1
39626.858171,34.684000,1,0.431734,0,9.45,133.84,345.03,490.09,45.3542,19.4531,1
39626.860337,34.717000,1,0.428715,0,7.44,111.04,309.34,429.14,47.4208,19.6304,1
39626.862377,34.750000,1,0.999469,1,6.14,100.10,284.53,392.20,44.1808,0.0000,1
39626.864777,34.783000,1,0.298433,0,7.97,119.07,341.82,470.25,47.1369,22.7769,1
39626.866984,34.816000,1,0.457304,0,8.01,129.87,186.98,326.15,43.2594,20.5782,1
39626.869406,34.849000,1,0.533280,1,14.74,183.80,269.55,470.67,45.9788,23.0717,1
39626.872188,34.882000,1,0.600477,1,15.19,232.31,348.11,597.54,46.8412,24.9966,1
39626.875123,34.915000,1,0.633582,1,22.65,225.77,245.72,496.20,44.9670,24.8088,1
39626.876245,34.948000,1,0.609760,1,10.34,179.75,196.69,388.64,44.9558,25.2805,1
39626.879378,34.981000,1,0.591247,1,8.80,123.66,183.09,317.13,41.0256,24.9008,1
39626.880660,35.014000,1,0.999770,1,6.61,105.16,166.86,279.88,45.6896,0.0000,1
39626.882915,35.047000,1,0.204188,0,6.37,99.98,185.70,293.29,35.1152,23.3053,1
39626.885090,35.080000,1,0.394694,0,7.53,109.91,484.20,603.02,46.4608,23.6290,1
39626.887323,35.113000,1,0.421685,0,16.40,173.83,368.72,560.87,48.4335,21.1879,1
39626.889538,35.146000,1,0.489424,0,7.84,126.03,180.09,315.40,52.0643,19.3671,1
39626.891912,35.179000,1,0.504593,1,7.67,117.11,182.92,309.19,38.1759,17.2360,1
39626.899437,35.212000,1,0.505012,1,9.96,144.72,225.50,381.80,46.4394,17.4233,1
39626.901106,35.245000,1,0.999152,1,8.84,131.08,444.30,586.12,48.3586,0.0000,1
39626.903852,35.278000,1,0.484601,0,18.35,269.88,351.84,643.08,46.1925,29.8601,1
39626.919412,35.311000,1,0.568197,1,33.05,402.42,1172.72,1611.54,46.1738,20.4745,1
39626.922173,35.344000,1,0.558320,1,15.43,212.50,467.46,697.42,44.8717,18.7851,1
39626.923358,35.377000,1,0.451289,0,8.80,161.43,197.41,369.26,44.8573,18.4684,1
39626.925197,35.410000,1,0.524535,1,7.88,118.96,180.04,308.13,44.8573,17.3111,1
39626.967223,35.443000,1,0.416726,0,32.41,361.77,949.68,1347.97,42.7686,17.1708,1
39626.969294,35.476000,1,0.488433,0,21.93,365.74,465.63,856.90,46.9530,17.3328,1
39626.971190,35.509000,1,0.999232,1,20.50,227.50,348.05,598.59,44.8662,0.0000,1
39626.975143,35.542000,1,0.306284,0,13.42,148.98,291.34,455.25,35.1980,20.0147,1
39626.975984,35.575000,1,0.443517,0,6.14,122.90,181.04,311.36,50.7702,19.8930,1
39626.978768,35.608000,1,0.493840,0,5.86,98.60,36437.40,36543.39,46.4641,19.8393,1
39627.015973,35.641000,1,0.491787,0,13.77,208.97,219.63,444.17,40.0829,22.3445,1
39627.033842,35.674000,1,0.636331,1,17.59,231.23,385.93,636.89,43.5669,24.3546,1
39627.035868,35.707000,1,0.591794,1,15.25,318.84,367.48,704.65,41.9029,24.8731,1
39627.097250,35.740000,1,0.643266,1,28.47,365.00,850.96,1247.41,46.8867,25.0269,1
39627.099335,35.773000,1,0.638144,1,10.86,181.51,301.87,496.28,53.4934,25.2881,1
39627.100853,35.806000,1,0.761871,1,10.39,315.55,142.86,470.73,36.8473,31.1959,1
39627.103813,35.839000,1,0.843529,1,10.22,156.05,236.66,404.69,48.1153,31.1093,1
39627.105409,35.872000,1,0.999918,1,6.55,121.45,172.78,302.21,47.0795,0.0000,1
39627.107727,35.905000,1,0.144118,0,5.86,101.85,161.01,270.03,41.6432,19.2753,1
39627.109726,35.938000,1,0.338319,0,5.83,99.14,173.99,280.30,43.9603,19.7196,1
39627.111994,35.971000,1,0.336010,0,9.61,103.96,166.76,281.59,41.7083,19.5840,1
39627.114243,36.004000,1,0.390601,0,5.47,99.06,161.26,267.02,55.6205,18.9714,1
39627.116383,36.037000,1,0.999447,1,6.37,100.80,193.81,302.36,44.9346,0.0000,1
39627.122697,36.070000,1,0.304634,0,15.02,210.69,423.87,651.25,38.8166,19.0922,1
39627.124017,36.103000,1,0.440138,0,8.46,174.89,268.45,453.32,48.2986,19.6178,1
39627.126152,36.136000,1,0.442720,0,7.24,115.71,201.09,325.88,38.2005,19.6607,1
39627.128269,36.169000,1,0.464325,0,7.30,123.43,230.88,363.24,47.6832,19.7311,1
39627.130634,36.202000,1,0.518174,1,15.48,228.55,289.42,536.08,46.3163,19.6965,1
39627.133663,36.235000,1,0.470664,0,9.50,177.08,269.74,458.13,46.3164,22.0989,1
39627.135590,36.268000,1,0.500793,1,11.93,192.90,332.46,539.18,45.1094,22.2299,1
39627.148376,36.301000,1,0.506309,1,14.33,213.55,384.06,613.59,46.3420,23.0377,1
39627.150022,36.334000,1,0.626073,1,10.59,191.40,458.24,661.85,47.5809,25.4610,1
39627.152342,36.367000,1,0.652042,1,11.77,185.40,313.45,512.70,45.0121,25.4617,1
39627.154435,36.400000,1,0.616284,1,8.99,147.91,218.70,377.22,42.8630,25.2957,1
39627.156357,36.433000,1,0.630807,1,7.29,122.54,208.46,339.65,47.1749,25.9157,1
39627.158553,36.466000,1,0.999781,1,6.59,109.64,205.14,322.62,38.8775,0.0000,1
39627.160788,36.499000,1,0.357116,0,7.02,110.22,404.92,523.41,51.1516,30.2310,1
39627.163056,36.532000,1,0.427097,0,9.16,115.46,318.77,444.53,45.0212,20.1519,1
39627.165331,36.565000,1,0.418675,0,6.90,112.65,208.10,328.83,37.5232,20.5304,1
39627.167417,36.598000,1,0.345170,0,6.92,100.40,195.56,304.06,47.0259,20.6642,1
39627.169901,36.631000,1,0.531175,1,16.60,209.46,431.73,660.18,48.0763,20.7784,1
39627.172072,36.664000,1,0.477286,0,11.64,194.82,434.38,642.53,35.7568,26.5054,1
39627.174227,36.697000,1,0.722773,1,7.93,136.55,323.96,470.84,55.2407,27.1930,1
39627.176344,36.730000,1,0.691027,1,7.95,120.82,325.18,455.31,38.5553,26.7930,1
39627.178345,36.763000,1,0.657882,1,7.94,116.04,188.54,313.80,47.6259,27.0954,1
39627.180547,36.796000,1,0.705319,1,6.74,100.38,173.88,282.18,43.9676,27.1715,1
39627.182657,36.829000,1,0.999863,1,6.95,110.36,166.34,284.94,50.6412,0.0000,1
39627.184991,36.862000,1,0.259248,0,11.87,126.24,199.39,338.90,45.9898,27.6140,1
39627.187030,36.895000,1,0.684559,1,11.08,193.66,282.72,489.41,41.5615,14.8721,1
39627.203698,36.928000,1,0.518079,1,21.82,340.30,472.50,837.32,47.2988,16.4473,1
39627.207187,36.961000,1,0.424113,0,17.25,233.70,263.65,516.83,46.2262,17.1853,1
39627.208181,36.994000,1,0.533539,1,10.51,191.10,193.51,397.24,42.7652,17.7880,1
39627.224828,37.027000,1,0.405911,0,19.02,207.83,472.36,701.15,47.2163,18.5687,1
39627.226028,37.060000,1,0.999348,1,7.94,161.08,215.71,386.09,42.1398,0.0000,1
39627.321488,37.093000,1,0.323407,0,16.72,215.39,343.10,576.90,44.4139,18.7071,1
39627.323041,37.126000,1,0.463848,0,8.86,168.47,198.65,377.34,46.3580,18.4034,1
39627.325241,37.159000,1,0.564682,1,6.96,108.40,173.70,290.32,46.3747,16.6144,1
39627.327383,37.192000,1,0.506984,1,8.68,125.84,273.98,410.21,33.0028,16.3902,1
39627.329679,37.225000,1,0.998868,1,6.97,110.24,221.48,339.97,47.9548,0.0000,1
39627.331889,37.258000,1,0.361564,0,6.81,114.49,204.33,326.85,51.9658,18.4818,1
39627.334183,37.291000,1,0.411396,0,9.10,138.69,261.48,411.13,35.9346,18.9938,1
39627.336559,37.324000,1,0.566019,1,15.02,248.15,463.35,728.84,48.6347,18.1629,1
39627.339117,37.357000,1,0.479679,0,17.29,236.05,331.50,586.78,41.7390,18.0103,1
39627.341146,37.390000,1,0.492187,0,9.28,141.77,186.03,338.48,52.8687,17.3142,1
39627.343290,37.423000,1,0.541367,1,6.39,115.97,164.08,287.72,44.5790,17.5546,1
39627.363732,37.456000,1,0.548411,1,20.27,211.20,396.11,629.33,48.1269,17.7006,1
39627.365352,37.489000,1,0.498341,0,7.84,134.19,190.19,333.73,38.1754,17.7820,1
39627.367591,37.522000,1,0.528270,1,8.62,117.95,210.05,338.26,52.0084,17.9046,1
39627.370562,37.555000,1,0.999370,1,17.64,254.24,388.49,662.92,45.6558,0.0000,1
39627.372717,37.588000,1,0.315647,0,13.30,224.12,317.88,557.43,41.7872,23.9098,1
39627.375189,37.621000,1,0.497821,0,8.11,143.53,187.47,340.57,43.8392,19.4317,1
39627.377240,37.654000,1,0.544311,1,6.89,111.71,178.03,298.02,46.4009,17.9390,1
39627.386544,37.687000,1,0.488609,0,19.15,287.93,365.62,675.19,43.3753,17.9202,1
39627.388197,37.720000,1,0.502006,1,14.66,229.19,315.91,561.91,47.6751,17.5955,1
39627.421342,37.753000,1,0.396378,0,15.11,209.13,317.03,543.39,32.5725,17.6552,1
39627.422827,37.786000,1,0.502897,1,8.87,157.11,229.73,397.10,60.2403,19.1389,1
39627.437170,37.819000,1,0.501110,1,17.30,256.14,386.54,661.99,45.1943,18.6113,1
39627.438678,37.852000,1,0.492211,0,10.21,185.83,252.32,449.96,43.3752,18.7694,1
39627.440951,37.885000,1,0.596699,1,10.56,173.56,292.42,477.98,42.3974,16.7707,1
39627.443261,37.918000,1,0.505087,1,12.65,202.26,335.14,552.11,44.2311,16.9420,1
39627.445676,37.951000,1,0.468884,0,9.73,159.30,226.15,396.58,39.5455,17.1549,1
39627.447719,37.984000,1,0.999313,1,9.83,136.53,224.12,371.93,56.0975,0.0000,1
39627.453061,38.017000,1,0.354544,0,27.07,349.50,775.90,1156.18,38.4736,18.6810,1
39627.454990,38.050000,1,0.506415,1,18.96,178.27,397.75,596.66,52.3771,19.3880,1
39627.457111,38.083000,1,0.548712,1,10.38,171.00,465.61,649.11,45.1815,20.3229,1
39627.459052,38.116000,1,0.497054,0,13.20,144.64,336.96,496.33,42.6615,18.6950,1
39627.461303,38.149000,1,0.549204,1,7.76,134.36,325.53,469.04,44.5877,18.1892,1
39627.463523,38.182000,1,0.485178,0,11.75,190.98,397.25,601.89,42.3536,17.7205,1
39627.465716,38.215000,1,0.999234,1,8.44,125.84,324.53,460.26,44.8249,0.0000,1
39627.467871,38.248000,1,0.335944,0,9.16,145.88,389.99,546.87,51.2490,21.1526,1
39627.470424,38.281000,1,0.472068,0,17.32,245.98,334.72,600.80,45.0810,22.4406,1
39627.472697,38.314000,1,0.531337,1,10.30,217.76,280.70,510.33,41.6536,20.0272,1
39627.501443,38.347000,1,0.444627,0,16.12,265.67,469.52,753.41,48.4745,19.8284,1
39627.503793,38.380000,1,0.999374,1,13.09,215.91,392.84,623.98,40.7656,0.0000,1
39627.506023,38.413000,1,0.282146,0,17.42,322.77,530.67,874.11,39.7915,20.1402,1
39627.508026,38.446000,1,0.392102,0,12.94,202.92,399.88,618.00,50.1793,20.2133,1
39627.510053,38.479000,1,0.466310,0,10.85,185.81,388.39,587.34,43.4718,21.2600,1
39627.512313,38.512000,1,0.475903,0,15.61,189.79,259.58,467.15,50.1974,21.2319,1
39627.517936,38.545000,1,0.547809,1,13.24,251.55,496.86,765.83,40.4456,22.2547,1
39627.520044,38.578000,1,0.467572,0,14.70,202.39,519.54,739.51,43.9701,22.3630,1
39627.521228,38.611000,1,0.481094,0,9.93,154.38,305.98,472.17,44.2615,22.0636,1
39627.523189,38.644000,1,0.458478,0,8.38,136.25,206.56,352.58,51.6206,21.4498,1
39627.526159,38.677000,1,0.510211,1,7.75,129.28,243.08,381.59,45.4811,23.5189,1
39627.547885,38.710000,1,0.508095,1,32.57,290.30,536.15,861.38,43.7684,23.4659,1
39627.549430,38.743000,1,0.999743,1,8.89,125.17,289.78,425.29,45.0609,0.0000,1
39627.550451,38.776000,1,0.239219,0,7.77,116.35,306.60,432.18,45.1493,20.4049,1
39627.552440,38.809000,1,0.401669,0,11.42,128.04,340.44,481.19,43.8953,20.0322,1
39627.554557,38.842000,1,0.494521,0,7.16,109.75,314.29,432.50,45.3590,17.9122,1
39627.556689,38.875000,1,0.392236,0,6.18,98.55,316.81,422.68,38.0133,18.2754,1
39627.558813,38.908000,1,0.485516,0,5.87,94.49,312.73,414.38,49.8431,18.0710,1
39627.561048,38.941000,1,0.399921,0,6.22,100.61,328.36,436.37,33.6091,18.4762,1
39627.563142,38.974000,1,0.498491,0,6.22,103.76,313.71,424.89,57.5600,18.4270,1
39627.565350,39.007000,1,0.449468,0,6.00,96.93,305.35,409.47,33.2969,18.1021,1
39627.567484,39.040000,1,0.482175,0,6.17,111.64,306.54,425.62,51.4371,18.4698,1
39627.571023,39.073000,1,0.514242,1,29.94,299.95,701.08,1033.71,50.8977,19.0407,1
39627.573770,39.106000,1,0.510353,1,11.31,143.41,518.86,675.35,47.3002,18.7701,1
39627.575071,39.139000,1,0.536703,1,10.08,124.89,336.46,472.69,45.0356,19.2479,1
39627.576558,39.172000,1,0.473522,0,6.20,104.40,304.01,416.16,43.7354,19.6586,1
39627.578726,39.205000,1,0.477360,0,6.59,101.06,316.73,425.54,45.0871,19.8089,1
39627.580997,39.238000,1,0.456581,0,9.06,94.21,304.49,408.84,46.2166,20.4283,1
39627.583100,39.271000,1,0.459627,0,6.16,102.59,315.83,425.73,42.1337,21.0905,1
39627.585358,39.304000,1,0.479242,0,12.77,176.13,335.08,525.71,45.1921,21.7854,1
39627.587374,39.337000,1,0.498537,0,12.38,188.78,270.68,473.93,44.8016,22.6118,1
39627.589426,39.370000,1,0.543445,1,7.27,119.98,200.41,328.93,47.8299,23.4454,1
39627.594284,39.403000,1,0.581869,1,12.68,219.26,274.30,508.56,45.0021,24.4209,1
39627.595223,39.436000,1,0.999771,1,10.23,182.37,192.35,387.04,45.0189,0.0000,1
39627.599448,39.469000,1,0.232417,0,11.35,196.39,264.28,474.26,42.4000,19.3150,1
39627.600334,39.502000,1,0.377755,0,8.25,120.97,217.94,348.54,47.6744,20.4466,1
39627.603304,39.535000,1,0.465119,0,19.92,306.49,715.60,1044.91,40.5234,24.0722,1
39627.604900,39.568000,1,0.707300,1,12.13,215.59,289.14,519.03,42.7489,29.9164,1
39627.606644,39.601000,1,0.768412,1,8.29,127.89,283.54,421.16,50.4486,27.1375,1
39627.608827,39.634000,1,0.999785,1,7.15,115.43,200.62,324.52,33.3008,0.0000,1
39627.611019,39.667000,1,0.128724,0,6.76,106.10,364.09,478.54,31.3651,19.4428,1
39627.613282,39.700000,1,0.350715,0,7.42,110.03,188.37,307.10,62.0281,19.8480,1
39627.616948,39.733000,1,0.344710,0,7.20,122.08,285.02,415.62,49.5381,19.9405,1
39627.619054,39.766000,1,0.419627,0,8.78,113.78,206.27,330.52,40.2989,21.2437,1
39627.621787,39.799000,1,0.574718,1,8.34,133.36,265.58,408.55,53.4099,20.2220,1
39627.697966,39.832000,1,0.402488,0,19.90,330.62,523.50,878.07,37.1559,20.3634,1
39627.699978,39.865000,1,0.644275,1,9.85,153.53,379.01,543.98,43.6459,26.2217,1
39627.701479,39.898000,1,0.716517,1,7.64,123.03,233.18,365.35,56.3508,26.9903,1
39627.709757,39.931000,1,0.999847,1,15.26,205.29,386.90,609.32,45.0724,0.0000,1
39627.711699,39.964000,1,0.204141,0,8.07,156.42,280.85,447.04,42.2155,20.5998,1
39627.713967,39.997000,1,0.370748,0,6.65,131.45,206.82,346.25,38.3581,21.0926,1
39627.716174,40.030000,1,0.464039,0,7.27,117.75,207.38,333.78,50.7840,17.4875,1
39627.721693,40.063000,1,0.429544,0,11.65,172.35,297.54,483.07,45.9441,17.4320,1
39627.723752,40.096000,1,0.466878,0,7.84,128.95,245.16,383.22,45.5479,17.4435,1
39627.726154,40.129000,1,0.509898,1,6.74,102.88,210.41,321.26,47.0733,17.7252,1
39627.981984,40.162000,1,0.460565,0,26.78,413.77,520.28,964.36,42.7233,18.0345,1
39627.983878,40.195000,1,0.504659,1,12.79,166.27,325.29,506.26,45.0754,18.3908,1
39627.985923,40.228000,1,0.999421,1,13.15,214.78,830.50,1060.41,47.6311,0.0000,1
39627.987694,40.261000,1,0.416966,0,17.77,192.96,350.82,563.86,42.6776,27.5591,1
39627.989199,40.294000,1,0.527137,1,6.94,111.25,314.68,434.30,43.3718,19.5009,1
39627.991341,40.327000,1,0.526760,1,13.65,214.95,404.12,635.10,44.2584,19.2861,1
39627.993696,40.360000,1,0.514854,1,12.47,193.67,401.86,610.02,47.2872,17.6388,1
39628.000396,40.393000,1,0.493162,0,13.02,232.98,284.98,533.61,47.2202,19.0392,1
39628.001503,40.426000,1,0.367431,0,11.87,210.18,210.02,434.28,40.4863,19.5449,1
39628.003853,40.459000,1,0.477325,0,18.79,296.80,369.32,687.93,49.4061,20.1979,1
39628.010440,40.492000,1,0.427887,0,12.62,202.96,441.96,659.73,40.4132,19.6945,1
39628.018509,40.525000,1,0.737387,1,18.26,347.95,444.72,814.13,45.0848,29.0983,1
39628.061714,40.558000,1,0.609833,1,14.24,214.96,421.32,652.22,47.5605,19.8326,1
39628.062654,40.591000,1,0.536769,1,8.73,163.94,465.84,639.89,33.7849,26.7505,1
39628.063543,40.624000,1,0.999851,1,6.93,110.82,6752.99,6872.03,57.9605,0.0000,1
39628.071014,40.657000,1,0.254056,0,13.34,223.66,214.56,453.27,42.0775,21.0400,1
39628.072456,40.690000,1,0.320857,0,13.76,156.66,229.61,401.45,43.8121,21.1923,1
39628.074916,40.723000,1,0.547223,1,6.35,118.36,180.29,306.58,42.7503,23.4411,1
39628.081858,40.756000,1,0.533358,1,12.67,213.79,400.40,629.15,38.9703,26.9844,1
39628.086462,40.789000,1,0.770384,1,19.31,312.58,434.37,769.63,35.3174,29.8401,1
39628.087770,40.822000,1,0.738371,1,10.96,211.31,327.23,551.83,30.4392,28.6646,1
39628.088807,40.855000,1,0.603377,1,11.02,210.74,170.70,394.13,27.0318,25.7946,1
39628.091085,40.888000,1,0.469647,0,7.07,110.41,175.03,293.71,25.6441,23.0511,1
39628.093271,40.921000,1,0.323349,0,6.41,103.30,173.45,284.33,18.2988,21.2346,1
39628.095522,40.954000,1,0.996343,1,6.01,95.26,161.36,263.81,19.7284,0.0000,1
39628.103109,40.987000,1,0.101600,0,23.23,296.07,397.71,720.11,15.7078,12.6215,1
39628.105928,41.020000,1,0.322578,0,18.58,308.44,406.67,736.51,13.5268,9.2233,0
39628.111246,41.053000,1,0.449098,0,14.12,255.15,267.73,539.64,10.9530,6.1064,0
39628.112271,41.086000,1,0.621958,1,11.11,195.13,191.11,399.41,9.0986,3.3653,0
39628.137571,41.119000,1,0.564449,1,15.77,217.28,484.31,719.10,6.5820,1.4964,0
39628.139586,41.152000,1,0.426215,0,14.63,197.62,317.45,531.53,5.9026,3.6170,0
39628.141596,41.185000,1,0.113622,0,14.70,165.88,234.09,416.40,4.3599,5.7596,0
39628.143796,41.218000,1,0.129107,0,7.32,143.45,243.83,395.98,3.6881,7.7460,0
39628.146006,41.251000,1,0.128953,0,7.31,117.64,210.71,337.17,2.7040,9.2457,0
39628.148105,41.284000,1,0.134900,0,6.67,110.98,247.33,366.27,1.3031,10.5926,0
39628.150274,41.317000,1,0.139368,0,7.07,116.01,216.13,340.66,0.5075,11.8315,0
39628.152415,41.350000,1,0.152364,0,10.17,185.17,326.38,523.69,0.2293,12.6380,0
39628.154774,41.383000,1,0.161161,0,14.74,196.73,314.42,527.94,0.5214,13.9024,0
39628.157288,41.416000,1,0.181656,0,7.70,129.68,177.17,315.76,1.3296,13.4399,0
39628.159955,41.449000,1,0.185115,0,6.27,111.84,192.75,312.37,1.8194,13.6892,0
39628.162422,41.482000,1,0.189427,0,6.58,97.35,169.22,274.38,2.0664,13.8105,0
39628.165746,41.515000,1,0.184356,0,6.78,99.73,170.60,278.31,2.2970,13.9000,0
39628.168292,41.548000,1,0.174478,0,8.59,151.72,217.78,379.65,2.5757,14.8269,0
39628.170720,41.581000,1,0.181207,0,11.32,139.89,204.99,357.79,2.5836,13.5691,0
39628.173073,41.614000,1,0.170816,0,7.55,137.10,173.73,319.60,2.5379,13.2508,0
39628.176192,41.647000,1,0.170548,0,6.72,119.21,180.67,307.75,2.3499,12.9086,0
39628.178217,41.680000,1,0.168756,0,8.10,126.08,162.14,297.67,2.6914,12.5429,0
39628.180569,41.713000,1,0.166589,0,7.76,119.60,178.09,306.61,2.8264,12.2362,0
39628.182617,41.746000,1,0.168019,0,6.31,107.22,191.63,306.26,2.9637,11.7907,0
39628.184522,41.779000,1,0.158168,0,6.08,102.68,179.88,289.80,2.2587,12.5636,0
39628.187634,41.812000,1,0.166866,0,9.46,133.80,209.93,354.69,2.7364,11.7629,0
39628.189352,41.845000,1,0.169961,0,7.36,109.86,171.22,289.68,2.4580,10.3103,0
39628.191269,41.878000,1,0.167666,0,6.59,118.21,194.10,320.15,2.3783,9.8226,0
39628.193650,41.911000,1,0.166862,0,5.73,95.85,164.07,266.73,2.4110,9.0950,0
39628.195966,41.944000,1,0.168452,0,5.79,101.34,177.52,285.87,2.2000,8.4773,0
39628.198238,41.977000,1,0.167480,0,6.05,107.09,157.61,271.97,2.1167,7.9377,0
39628.200514,42.010000,1,0.168825,0,6.08,107.60,173.13,288.05,2.0344,7.4232,0
39628.205524,42.043000,1,0.169616,0,16.66,168.51,251.59,438.70,1.8647,7.0040,0
39628.208142,42.076000,1,0.175013,0,7.32,145.15,223.04,376.82,1.9670,6.3535,0
39628.211009,42.109000,1,0.175390,0,6.92,102.11,192.25,302.63,1.6315,5.9442,0
39628.213676,42.142000,1,0.176832,0,6.67,106.95,191.56,306.47,1.7691,5.5305,0
39628.216401,42.175000,1,0.719909,1,6.49,93.96,172.02,273.62,1.3161,0.0000,0
39628.220848,42.208000,1,0.156563,0,10.65,170.38,265.40,448.10,1.9814,4.5950,0
39628.222582,42.241000,1,0.180338,0,8.69,139.94,209.36,359.52,1.5094,3.8546,0
39628.224830,42.274000,1,0.215147,0,7.09,115.13,179.21,302.72,1.5220,3.7818,0
39628.227023,42.307000,1,0.183120,0,6.34,110.55,176.93,295.27,1.2427,4.3219,0
39628.229167,42.340000,1,0.206804,0,5.87,100.85,160.46,268.68,1.3400,3.9186,0
39628.231292,42.373000,1,0.217818,0,5.60,100.38,154.77,262.01,1.5989,3.4975,0
39628.233556,42.406000,1,0.202730,0,5.96,103.45,205.69,316.51,1.1992,3.6808,0
39628.235906,42.439000,1,0.199946,0,8.57,179.93,475.49,665.50,1.2985,3.7798,0
39628.238435,42.472000,1,0.204980,0,15.89,191.04,506.74,715.93,1.2823,3.8262,0
39628.240335,42.505000,1,0.201098,0,7.45,135.50,326.66,471.02,1.0673,3.9959,0
39628.242432,42.538000,1,0.192739,0,6.21,106.39,302.11,415.98,1.1453,4.3613,0
39628.244535,42.571000,1,0.195562,0,5.98,103.37,326.71,437.20,1.0552,4.8038,0
39628.246715,42.604000,1,0.195134,0,6.29,105.16,310.63,423.23,1.0272,5.5098,0
39628.248853,42.637000,1,0.194729,0,5.86,94.27,300.88,402.19,0.9875,6.0008,0
39628.251165,42.670000,1,0.194437,0,6.98,108.48,388.65,505.30,0.8620,6.3266,0
39628.253291,42.703000,1,0.191345,0,10.55,167.01,435.99,615.04,0.7992,6.3866,0
39628.255497,42.736000,1,0.191325,0,6.92,124.13,328.44,460.74,0.7535,6.1413,0
39628.257605,42.769000,1,0.190878,0,6.47,105.23,314.86,427.72,0.5889,5.8085,0
39628.260096,42.802000,1,0.191390,0,13.77,193.53,356.22,565.35,0.4184,5.4520,0
39628.262330,42.835000,1,0.192081,0,7.19,137.82,314.35,460.60,0.4925,5.3004,0
39628.264496,42.868000,1,0.194024,0,5.58,88.65,305.78,400.98,0.2749,5.5204,0
39628.266745,42.901000,1,0.197885,0,10.23,115.98,364.44,491.82,0.1571,5.2361,0
39628.268873,42.934000,1,0.198649,0,10.55,177.18,417.74,607.49,0.0741,5.3686,0
