flight_name,cell,yaw_bin,motion_bin,repeat,attempts_used,status,fail_reason,commanded_yaw_rate,active_duration_s,active_frames,naive_failure_frames,naive_failure_rate_pct,achieved_mean_yaw_rate,achieved_median_yaw_rate,achieved_max_yaw_rate,mean_feature_vel,min_feature_vel,max_feature_vel,motion_window_mean_vel,motion_window_min_vel,motion_window_max_vel,cruise_window_mean_vel
sweep_G_C_R1,G_C,G,C,1,1,PASS,,7.5,24.587,745,22,2.953020134228188,11.084470047249027,6.960439603256647,422.5623051628359,7.964557583892618,0.0,68.3336,7.964557583892618,0.0,68.3336,7.964557583892618
sweep_G_C_R2,G_C,G,C,2,1,PASS,,7.5,25.277,766,22,2.8720626631853787,11.685719345706367,6.81958728846129,222.2393821152388,8.233016187989554,0.0,65.522,8.233016187989554,0.0,65.522,8.233016187989554
sweep_G_C_R3,G_C,G,C,3,1,PASS,,7.5,26.523,803,21,2.6151930261519305,9.502968871830063,6.410602458045665,222.43768655788705,9.31833312577833,0.0,57.6841,9.31833312577833,0.0,57.6841,9.31833312577833
sweep_G_B_R1,G_B,G,B,1,1,PASS,,7.5,28.844,873,278,31.844215349369986,18.5304900352542,4.678907560723863,2282.6586555433414,28.420107560137453,0.0,592.7928,20.263568131868134,0.0,592.7928,30.568429088277856
sweep_G_B_R2,G_B,G,B,2,1,PASS,,7.5,24.774,751,17,2.263648468708389,9.513404599375653,7.07814069115901,262.19054329907493,7.901018908122502,0.0,57.5896,4.352867032967033,0.0,8.4913,9.03592864674868
sweep_G_B_R3,G_B,G,B,3,1,PASS,,7.5,25.465,772,19,2.461139896373057,11.314872606487697,6.92659949513914,408.2473635679563,7.652984455958548,0.0,57.8382,3.980224043715848,0.0,7.2678,8.794096774193548
sweep_G_S_R1,G_S,G,S,1,2,PASS,Attempt 1 failed (Active duration 16.8s < 18.0s threshold),7.5,23.811,722,14,1.9390581717451525,10.441991842666567,6.71080700058034,218.138619492778,7.7368146814404435,0.0,71.7908,5.250005494505494,0.0,16.3396,8.57496148148148
sweep_G_S_R2,G_S,G,S,2,1,PASS,,7.5,27.278,826,25,3.026634382566586,10.921497287790451,6.546026132021035,289.7963662084847,9.60057372881356,0.0,56.2373,5.058928571428571,0.0,18.3622,10.884082142857144
sweep_G_S_R3,G_S,G,S,3,1,PASS,,7.5,26.554,804,19,2.36318407960199,11.359522858755618,6.948381060174832,345.53683034455787,9.676225497512435,0.0,222.6074,5.492064285714285,0.0,18.7786,10.900529903536976
sweep_G_H_R1,G_H,G,H,1,1,PASS,,7.5,20.086,608,44,7.236842105263158,67.77366178862508,16.789979378708544,1125.872407538703,26.752364473684207,0.0,245.8886,17.456126315789476,0.0,245.8886,29.851110526315782
sweep_G_H_R2,G_H,G,H,2,2,FAIL,Att1: Active duration 16.7s < 18.0s threshold | Att2: Active duration 17.6s < 18.0s threshold,7.5,0.0,0,0,0.0,0.0,0.0,0.0,0.0,0.0,0.0,0.0,0.0,0.0,0.0
sweep_G_H_R3,G_H,G,H,3,2,FAIL,Att1: Active duration 17.6s < 18.0s threshold | Att2: Active duration 12.6s < 18.0s threshold,7.5,0.0,0,0,0.0,0.0,0.0,0.0,0.0,0.0,0.0,0.0,0.0,0.0,0.0
sweep_M_C_R1,M_C,M,C,1,1,PASS,,20.0,24.687,749,35,4.672897196261682,21.543578570289903,17.84423408497565,311.6403135546501,11.561713484646193,0.0,51.0417,11.561713484646193,0.0,51.0417,11.561713484646193
sweep_M_C_R2,M_C,M,C,2,1,PASS,,20.0,24.899999999999995,755,35,4.635761589403973,22.023665787813563,17.90900313880361,360.8000092715103,11.077235496688743,0.0,52.2845,11.077235496688743,0.0,52.2845,11.077235496688743
sweep_M_C_R3,M_C,M,C,3,1,PASS,,20.0,24.528,744,33,4.435483870967742,22.29007480131699,18.8952433608142,273.73262636818146,11.75339502688172,0.0,51.4594,11.75339502688172,0.0,51.4594,11.75339502688172
sweep_M_B_R1,M_B,M,B,1,1,PASS,,20.0,23.573,714,33,4.621848739495799,21.524512886639304,17.97129692913292,178.1378636286716,11.183069467787115,0.0,45.3238,10.197024590163934,0.0,17.0823,11.522892843691148
sweep_M_B_R2,M_B,M,B,2,1,PASS,,20.0,24.982000000000003,757,36,4.7556142668428,21.09413130154105,17.338151098988128,264.2899251169797,11.037712021136064,0.0,50.3868,10.48142044198895,0.0,15.8433,11.21251892361111
sweep_M_B_R3,M_B,M,B,3,1,PASS,,20.0,24.735,750,41,5.466666666666667,21.01724065218782,18.881652996063984,184.55110758076188,11.0665708,0.0,52.0029,10.24410497237569,0.0,17.7382,11.328198769771529
sweep_M_S_R1,M_S,M,S,1,1,PASS,,20.0,24.689,748,30,4.010695187165775,22.45782587849203,19.00710824376663,264.6259894465331,11.895960561497326,0.0,50.5336,10.670876373626376,0.0,22.5133,12.28989222614841
sweep_M_S_R2,M_S,M,S,2,1,PASS,,20.0,24.495,742,32,4.31266846361186,22.2136862679544,17.92477140858813,253.20757177565127,12.033071024258758,0.0,54.2595,10.831528571428573,0.0,16.3102,12.423572321428573
sweep_M_S_R3,M_S,M,S,3,1,PASS,,20.0,24.507000000000005,743,30,4.037685060565275,22.209553189792416,17.77901286675093,305.90551613077133,12.047605652759088,0.0,53.2879,10.887149723756906,0.0,15.5163,12.421346797153024
sweep_M_H_R1,M_H,M,H,1,1,PASS,,20.0,24.73,749,21,2.803738317757009,21.37485315065759,18.451217478108376,223.3644855923884,17.626488117489988,0.0,80.5132,13.513132894736842,0.0,20.8637,18.67377453936348
sweep_M_H_R2,M_H,M,H,2,1,PASS,,20.0,22.264,675,57,8.444444444444445,99.30953737253124,19.83665678712692,3006.058182418913,25.05664533333333,0.0,403.245,13.304526315789474,0.0,21.9174,28.47217514340344
sweep_M_H_R3,M_H,M,H,3,1,PASS,,20.0,21.984,666,74,11.11111111111111,34.37480250526619,18.43538516134387,2089.526508015931,27.739153603603604,0.0,402.5504,13.876249668874175,0.0,25.2155,31.803810873786407
sweep_A_C_R1,A_C,A,C,1,1,PASS,,45.0,25.072000000000003,759,76,10.013175230566535,43.09886452633946,42.48612599607877,244.42587875283093,17.555061264822136,0.0,46.1281,17.555061264822136,0.0,46.1281,17.555061264822136
sweep_A_C_R2,A_C,A,C,2,1,PASS,,45.0,23.901,724,59,8.149171270718233,44.37654178899136,40.08904886987412,184.1314483329366,18.474476381215467,0.0,62.0794,18.474476381215467,0.0,62.0794,18.474476381215467
sweep_A_C_R3,A_C,A,C,3,1,PASS,,45.0,24.649000000000004,747,71,9.504685408299869,43.06477115220761,38.34243989992783,223.7692851489385,17.905747523427042,0.0,49.4542,17.905747523427042,0.0,49.4542,17.905747523427042
sweep_A_B_R1,A_B,A,B,1,1,PASS,,45.0,24.274,736,63,8.559782608695652,42.4182964564252,40.04664984908232,208.43656436087736,17.608786277173913,0.0,45.9917,19.698380662983425,0.0,32.1997,16.92731495495496
sweep_A_B_R2,A_B,A,B,2,1,PASS,,45.0,24.004,727,62,8.528198074277855,45.19697893026806,42.335515954295325,241.64571051492345,17.84113370013755,0.0,50.2823,19.49967348066298,0.0,44.5548,17.291324725274723
sweep_A_B_R3,A_B,A,B,3,1,PASS,,45.0,24.561000000000003,745,57,7.651006711409396,42.809675152245966,39.40951879989687,233.56876532229447,17.87344899328859,0.0,44.8513,21.00842375690608,0.0,44.8513,16.867366666666666
sweep_A_S_R1,A_S,A,S,1,1,PASS,,45.0,24.858,754,35,4.641909814323608,43.12852406523622,41.64445002214576,215.11347301845584,19.06812718832892,0.0,53.8158,19.45254615384616,0.0,35.8748,18.945812062937065
sweep_A_S_R2,A_S,A,S,2,1,PASS,,45.0,24.806,752,33,4.388297872340425,42.586299193440006,38.828462363972,243.4991857866514,18.934907180851063,0.0,52.1596,19.363884615384613,0.0,31.7834,18.79793543859649
sweep_A_S_R3,A_S,A,S,3,1,PASS,,45.0,24.938,756,31,4.1005291005291005,42.11254762876046,39.862314475318,204.45671144399407,18.877882539682545,0.0,48.4325,20.34038681318681,0.0,43.7683,18.41416167247387
sweep_A_H_R1,A_H,A,H,1,1,PASS,,45.0,24.814000000000004,752,36,4.787234042553192,43.758273585776585,40.83657151214013,168.21082223914465,21.310733776595743,0.0,49.5888,22.75035789473684,0.0,34.7214,20.946029
sweep_A_H_R2,A_H,A,H,2,1,PASS,,45.0,24.838000000000005,753,32,4.249667994687915,42.87724364005612,42.33668242579349,180.20979137913457,21.87666892430279,0.0,58.4701,23.64503947368421,0.0,37.9763,21.429427121464222
sweep_A_H_R3,A_H,A,H,3,1,PASS,,45.0,25.266,766,41,5.352480417754569,42.14628139473003,38.02844402141803,206.85118322837727,21.082180287206263,0.0,59.3725,22.95931986754967,0.0,39.5203,20.62128910569106
sweep_E_C_R1,E_C,E,C,1,1,PASS,,90.0,24.372,738,96,13.008130081300814,83.11197116452267,85.20281523192818,311.4559271095653,28.39628468834689,0.0,82.4444,28.39628468834689,0.0,82.4444,28.39628468834689
sweep_E_C_R2,E_C,E,C,2,1,PASS,,90.0,24.901000000000003,755,97,12.847682119205295,80.48845011814585,77.12567672472636,347.341532860773,28.65136662251655,0.0,61.6074,28.65136662251655,0.0,61.6074,28.65136662251655
sweep_E_C_R3,E_C,E,C,3,1,PASS,,90.0,24.053,729,85,11.659807956104252,85.74303894731509,80.53194495147659,344.7444436366689,30.33959314128944,0.0,60.2069,30.33959314128944,0.0,60.2069,30.33959314128944
sweep_E_B_R1,E_B,E,B,1,1,PASS,,90.0,25.192000000000004,763,65,8.51900393184797,78.42578054811881,72.97332521384678,367.6868750630483,30.321707470511143,0.0,69.5916,33.479049171270724,0.0,58.5463,29.3397850515464
sweep_E_B_R2,E_B,E,B,2,1,PASS,,90.0,25.035,759,66,8.695652173913043,83.04005892381385,76.85077647730843,331.72092891831574,30.78933056653491,0.0,59.6329,33.521095027624305,0.0,50.3044,29.93388183391004
sweep_E_B_R3,E_B,E,B,3,1,PASS,,90.0,24.772,750,59,7.866666666666666,83.04825290419454,81.06832072298533,306.2678112276185,31.5837104,0.0,57.7801,32.99712707182321,0.0,51.9597,31.13409982425308
sweep_E_S_R1,E_S,E,S,1,1,PASS,,90.0,24.9,755,83,10.993377483443709,80.99216884355309,76.57011836267763,306.93459434771387,29.01577562913908,0.0,58.6478,32.339829281767955,0.0,55.2685,27.96759843205575
sweep_E_S_R2,E_S,E,S,2,1,PASS,,90.0,24.301,737,79,10.719131614654003,82.889610688646,80.52889999645114,323.8194457432022,30.993147082767976,0.0,74.5156,31.84692637362637,0.0,56.6208,30.713169009009007
sweep_E_S_R3,E_S,E,S,3,1,PASS,,90.0,25.038000000000004,758,81,10.686015831134563,80.03899084533191,76.39735460347076,306.40771042175413,29.86183931398417,0.0,60.4635,33.299635714285714,0.0,60.4635,28.77559114583333
sweep_E_H_R1,E_H,E,H,1,1,PASS,,90.0,24.633,746,59,7.908847184986595,83.15914241544769,83.53292806011834,308.1922843836893,33.30387721179625,0.0,63.481,36.94997417218543,0.0,58.9754,32.378565210084034
sweep_E_H_R2,E_H,E,H,2,1,PASS,,90.0,25.214,764,65,8.507853403141361,79.07807307800879,76.57069698591152,306.8669555459586,32.324564921465964,0.0,77.7146,35.48743552631579,0.0,54.905,31.53901535947712
sweep_E_H_R3,E_H,E,H,3,1,PASS,,90.0,24.746,750,62,8.266666666666666,80.87015365816771,80.36031059595001,320.82995645401235,32.157768266666665,0.0,72.0336,36.18428079470198,0.0,58.572,31.142737562604346
